Clase,Orden,Familia,Especie,endemica,amenazada
Mammalia,Chiroptera,Phyllostomidae,Sturnira tildae,FALSE,FALSE
Equisetopsida,Alismatales,Araceae,Xanthosoma pubescens,FALSE,FALSE
Equisetopsida,Malpighiales,Clusiaceae,Symphonia globulifera,FALSE,FALSE
Mammalia,Cetartiodactyla,Tayassuidae,Tayassu pecari,FALSE,FALSE
Equisetopsida,Malvales,Malvaceae,Wissadula excelsior,FALSE,FALSE
Aves,Charadriiformes,Scolopacidae,Tringa solitaria,FALSE,FALSE
Equisetopsida,Commelinales,Commelinaceae,Tradescantia zanonia,FALSE,FALSE
Equisetopsida,Arecales,Arecaceae,Wettinia maynensis,FALSE,FALSE
Equisetopsida,Polypodiales,Tectariaceae,Tectaria incisa,FALSE,FALSE
Aves,Passeriformes,Thraupidae,Stilpnia cyanicollis,FALSE,FALSE
Equisetopsida,Polypodiales,Tectariaceae,Tectaria plantaginea,FALSE,FALSE
Equisetopsida,Lamiales,Bignoniaceae,Tanaecium pyramidatum,FALSE,FALSE
Equisetopsida,Caryophyllales,Polygonaceae,Triplaris americana,FALSE,FALSE
Equisetopsida,Malvales,Malvaceae,Wercklea ferox,FALSE,FALSE
Equisetopsida,Caryophyllales,Polygonaceae,Triplaris poeppigiana,FALSE,FALSE
Mammalia,Chiroptera,Phyllostomidae,Sturnira oporaphilum,FALSE,FALSE
Aves,Passeriformes,Furnariidae,Xenops rutilans,FALSE,FALSE
Aves,Passeriformes,Thamnophilidae,Taraba major,FALSE,FALSE
Aves,Passeriformes,Furnariidae,Xiphorhynchus triangularis,FALSE,FALSE
Aves,Passeriformes,Tyrannidae,Tolmomyias poliocephalus,FALSE,FALSE
Equisetopsida,Poales,Bromeliaceae,Tillandsia polystachia,FALSE,FALSE
Equisetopsida,Asterales,Asteraceae,Tilesia baccata,FALSE,FALSE
Aves,Passeriformes,Thraupidae,Stilpnia nigrocincta,FALSE,FALSE
Equisetopsida,Commelinales,Haemodoraceae,Xiphidium caeruleum,FALSE,FALSE
Aves,Passeriformes,Thraupidae,Stilpnia viridicollis,FALSE,FALSE
Mammalia,Perissodactyla,Tapiridae,Tapirus terrestris,FALSE,FALSE
Equisetopsida,Myrtales,Melastomataceae,Tibouchina longifolia,FALSE,FALSE
Aves,Passeriformes,Furnariidae,Xiphocolaptes promeropirhynchus,FALSE,FALSE
Equisetopsida,Rosales,Cannabaceae,Trema micrantha,FALSE,FALSE
Actinopterygii,Siluriformes,Trichomycteridae,Trichomycterus megantoni,FALSE,FALSE
Equisetopsida,Myrtales,Combretaceae,Terminalia oblonga,FALSE,FALSE
Aves,Passeriformes,Furnariidae,Synallaxis cabanisi,FALSE,FALSE
Aves,Passeriformes,Furnariidae,Synallaxis gujanensis,FALSE,FALSE
Equisetopsida,Sapindales,Anacardiaceae,Tapirira obtusa,FALSE,FALSE
Equisetopsida,Gentianales,Gentianaceae,Symbolanthus calygonus,FALSE,FALSE
Mammalia,Chiroptera,Thyropteridae,Thyroptera tricolor,FALSE,FALSE
Equisetopsida,Sapindales,Anacardiaceae,Tapirira guianensis,FALSE,FALSE
Equisetopsida,Myrtales,Vochysiaceae,Vochysia megalantha,FALSE,FALSE
Equisetopsida,Hymenophyllales,Hymenophyllaceae,Trichomanes elegans,FALSE,FALSE
Aves,Apodiformes,Trochilidae,Taphrospilus hypostictus,FALSE,FALSE
Equisetopsida,Myrtales,Vochysiaceae,Vochysia biloba,FALSE,FALSE
Aves,Passeriformes,Thraupidae,Tersina viridis,FALSE,FALSE
Mammalia,Pilosa,Myrmecophagidae,Tamandua tetradactyla,FALSE,FALSE
Aves,Passeriformes,Tyrannidae,Tolmomyias flaviventris,FALSE,FALSE
Aves,Passeriformes,Thraupidae,Tangara arthus,FALSE,FALSE
Aves,Passeriformes,Furnariidae,Syndactyla rufosuperciliata,FALSE,FALSE
Equisetopsida,Asparagales,Orchidaceae,Trichoceros antennifer,FALSE,FALSE
Equisetopsida,Gentianales,Gentianaceae,Tapeinostemon zamoranum,FALSE,FALSE
Equisetopsida,Asterales,Asteraceae,Tessaria integrifolia,FALSE,FALSE
Aves,Passeriformes,Furnariidae,Syndactyla ucayalae,FALSE,FALSE
Aves,Passeriformes,Furnariidae,Synallaxis azarae,FALSE,FALSE
Aves,Passeriformes,Troglodytidae,Troglodytes solstitialis,FALSE,FALSE
Mammalia,Chiroptera,Phyllostomidae,Sturnira erythromos,FALSE,FALSE
Aves,Tinamiformes,Tinamidae,Tinamus osgoodi,FALSE,TRUE
Aves,Passeriformes,Furnariidae,Xiphorhynchus ocellatus,FALSE,FALSE
Aves,Passeriformes,Thraupidae,Tangara xanthocephala,FALSE,FALSE
Equisetopsida,Sapindales,Burseraceae,Tetragastris panamensis,FALSE,FALSE
Aves,Tinamiformes,Tinamidae,Tinamus tao,FALSE,FALSE
Aves,Passeriformes,Furnariidae,Xiphorhynchus guttatus,FALSE,FALSE
Aves,Passeriformes,Tyrannidae,Syrtidicola fluviatilis,FALSE,FALSE
Aves,Passeriformes,Hirundinidae,Tachycineta albiventer,FALSE,FALSE
Equisetopsida,Magnoliales,Myristicaceae,Virola sebifera,FALSE,FALSE
Aves,Passeriformes,Thraupidae,Tangara vassorii,FALSE,FALSE
Aves,Trogoniformes,Trogonidae,Trogon collaris,FALSE,FALSE
Aves,Caprimulgiformes,Caprimulgidae,Systellura longirostris,FALSE,FALSE
Equisetopsida,Fabales,Fabaceae,Zygia coccinea,FALSE,FALSE
Aves,Passeriformes,Furnariidae,Thripadectes melanorhynchus,FALSE,FALSE
Aves,Podicipediformes,Podicipedidae,Tachybaptus dominicus,FALSE,FALSE
Aves,Passeriformes,Tyrannidae,Tolmomyias assimilis,FALSE,FALSE
Aves,Passeriformes,Thraupidae,Tangara schrankii,FALSE,FALSE
Aves,Passeriformes,Furnariidae,Thripadectes holostictus,FALSE,FALSE
Aves,Trogoniformes,Trogonidae,Trogon curucui,FALSE,FALSE
Equisetopsida,Malpighiales,Salicaceae,Tetrathylacium macrophyllum,FALSE,FALSE
Aves,Apodiformes,Trochilidae,Threnetes leucurus,FALSE,FALSE
Equisetopsida,Malpighiales,Euphorbiaceae,Tetrorchidium macrophyllum,FALSE,FALSE
Aves,Trogoniformes,Trogonidae,Trogon melanurus,FALSE,FALSE
Aves,Trogoniformes,Trogonidae,Trogon personatus,FALSE,FALSE
Aves,Passeriformes,Thraupidae,Thraupis palmarum,FALSE,FALSE
Aves,Apodiformes,Apodidae,Streptoprocne rutila,FALSE,FALSE
Aves,Passeriformes,Thraupidae,Tangara parzudakii,FALSE,FALSE
Amphibia,Anura,Hylidae,Trachycephalus typhonius,FALSE,FALSE
Equisetopsida,Sapindales,Meliaceae,Trichilia elegans,FALSE,FALSE
Aves,Passeriformes,Vireonidae,Vireo olivaceus,FALSE,FALSE
Equisetopsida,Gentianales,Apocynaceae,Tabernaemontana sananho,FALSE,FALSE
Aves,Passeriformes,Thraupidae,Tangara nigroviridis,FALSE,FALSE
Mammalia,Lagomorpha,Leporidae,Sylvilagus brasiliensis,FALSE,FALSE
Aves,Passeriformes,Vireonidae,Vireo leucophrys,FALSE,FALSE
Aves,Apodiformes,Trochilidae,Thalurania furcata,FALSE,FALSE
Aves,Passeriformes,Tyrannidae,Todirostrum chrysocrotaphum,FALSE,FALSE
Aves,Trogoniformes,Trogonidae,Trogon viridis,FALSE,FALSE
Aves,Passeriformes,Thraupidae,Tangara mexicana,FALSE,FALSE
Mammalia,Carnivora,Ursidae,Tremarctos ornatus,FALSE,TRUE
Insecta,Coleoptera,Scarabaeidae,Sylvicanthon bridarolli,FALSE,FALSE
Aves,Passeriformes,Thamnophilidae,Thamnistes rufescens,FALSE,FALSE
Equisetopsida,Brassicales,Tropaeolaceae,Tropaeolum cuspidatum,FALSE,FALSE
Aves,Apodiformes,Apodidae,Streptoprocne zonaris,FALSE,FALSE
Equisetopsida,Rosales,Moraceae,Trophis caucana,FALSE,FALSE
Equisetopsida,Brassicales,Tovariaceae,Tovaria pendula,FALSE,FALSE
Aves,Passeriformes,Thraupidae,Tangara gyrola,FALSE,FALSE
Equisetopsida,Fabales,Fabaceae,Vigna caracalla,FALSE,FALSE
Aves,Passeriformes,Thraupidae,Thraupis episcopus,FALSE,FALSE
Aves,Passeriformes,Vireonidae,Tunchiornis ochraceiceps,FALSE,FALSE
Aves,Passeriformes,Tyrannidae,Zimmerius bolivianus,FALSE,FALSE
Aves,Passeriformes,Thamnophilidae,Thamnomanes schistogynus,FALSE,FALSE
Aves,Passeriformes,Turdidae,Turdus albicollis,FALSE,FALSE
Equisetopsida,Asterales,Asteraceae,Vernonanthura patens,FALSE,FALSE
Equisetopsida,Gentianales,Rubiaceae,Uncaria tomentosa,FALSE,FALSE
Equisetopsida,Magnoliales,Annonaceae,Xylopia calophylla,FALSE,FALSE
Aves,Passeriformes,Thamnophilidae,Thamnophilus caerulescens,FALSE,FALSE
Equisetopsida,Rosales,Urticaceae,Urera baccifera,FALSE,FALSE
Equisetopsida,Rosales,Urticaceae,Urera caracasana,FALSE,FALSE
Mammalia,Rodentia,Cricetidae,Thomasomys aureus,FALSE,FALSE
Aves,Passeriformes,Thraupidae,Thlypopsis sordida,FALSE,FALSE
Equisetopsida,Rosales,Urticaceae,Urera laciniata,FALSE,FALSE
Equisetopsida,Rosales,Urticaceae,Urera simplex,FALSE,FALSE
Aves,Charadriiformes,Charadriidae,Vanellus cayanus,FALSE,FALSE
Aves,Passeriformes,Thamnophilidae,Thamnophilus palliatus,FALSE,FALSE
Mammalia,Chiroptera,Phyllostomidae,Uroderma bilobatum,FALSE,FALSE
Mammalia,Chiroptera,Phyllostomidae,Vampyrum spectrum,FALSE,FALSE
Equisetopsida,Fabales,Fabaceae,Tachigali vasquezii,FALSE,FALSE
Mammalia,Chiroptera,Phyllostomidae,Trachops cirrhosus,FALSE,FALSE
Aves,Passeriformes,Turdidae,Turdus nigriceps,FALSE,FALSE
Aves,Passeriformes,Tyrannidae,Zimmerius gracilipes,FALSE,FALSE
Mammalia,Chiroptera,Phyllostomidae,Uroderma magnirostrum,FALSE,FALSE
Aves,Passeriformes,Thraupidae,Tangara chilensis,FALSE,FALSE
Aves,Passeriformes,Thamnophilidae,Thamnophilus schistaceus,FALSE,FALSE
Aves,Passeriformes,Furnariidae,Synallaxis albigularis,FALSE,FALSE
Aves,Passeriformes,Tyrannidae,Tyrannus melancholicus,FALSE,FALSE
Mammalia,Chiroptera,Phyllostomidae,Vampyressa melissa,FALSE,TRUE
Aves,Columbiformes,Columbidae,Zentrygon frenata,FALSE,FALSE
Aves,Passeriformes,Turdidae,Turdus serranus,FALSE,FALSE
Equisetopsida,Crossosomatales,Staphyleaceae,Turpinia occidentalis,FALSE,FALSE
Equisetopsida,Lamiales,Bignoniaceae,Tynanthus polyanthus,FALSE,FALSE
Equisetopsida,Alismatales,Araceae,Xanthosoma viviparum,FALSE,FALSE
Equisetopsida,Poales,Bromeliaceae,Tillandsia ionochroma,FALSE,FALSE
Equisetopsida,Lamiales,Bignoniaceae,Fridericia oligantha,FALSE,FALSE
Mammalia,Chiroptera,Phyllostomidae,Anoura cultrata,FALSE,FALSE
Equisetopsida,Lamiales,Bignoniaceae,Fridericia patellifera,FALSE,FALSE
Aves,Passeriformes,Icteridae,Amblycercus holosericeus,FALSE,FALSE
Equisetopsida,Gentianales,Rubiaceae,Sabicea villosa,FALSE,FALSE
Actinopterygii,Characiformes,Erythrinidae,Hoplias malabaricus,FALSE,FALSE
Amphibia,Anura,Craugastoridae,Oreobates quixensis,FALSE,FALSE
Aves,Tinamiformes,Tinamidae,Crypturellus cinereus,FALSE,FALSE
Equisetopsida,Lamiales,Bignoniaceae,Fridericia pearcei,FALSE,FALSE
Aves,Tinamiformes,Tinamidae,Crypturellus bartletti,FALSE,FALSE
Amphibia,Anura,Craugastoridae,Oreobates cruralis,FALSE,FALSE
Aves,Piciformes,Picidae,Picumnus rufiventris,FALSE,FALSE
Aves,Accipitriformes,Accipitridae,Spizaetus isidori,FALSE,TRUE
Aves,Tinamiformes,Tinamidae,Crypturellus atrocapillus,FALSE,FALSE
Equisetopsida,Rosales,Rosaceae,Rubus roseus,FALSE,FALSE
Equisetopsida,Asterales,Asteraceae,Bartlettina ehrenbergii,FALSE,FALSE
Aves,Passeriformes,Thraupidae,Chlorornis riefferii,FALSE,FALSE
Equisetopsida,Malvales,Malvaceae,Guazuma ulmifolia,FALSE,FALSE
Equisetopsida,Asparagales,Orchidaceae,Habenaria monorrhiza,FALSE,FALSE
Equisetopsida,Lamiales,Bignoniaceae,Fridericia samydoides,FALSE,FALSE
Equisetopsida,Arecales,Arecaceae,Euterpe precatoria,FALSE,FALSE
Equisetopsida,Asparagales,Orchidaceae,Masdevallia picturata,FALSE,FALSE
Equisetopsida,Cyatheales,Cyclanthaceae,Cyclanthus bipartitus,FALSE,FALSE
Mammalia,Chiroptera,Phyllostomidae,Platyrrhinus masu,FALSE,FALSE
Aves,Passeriformes,Pipridae,Chloropipo unicolor,FALSE,FALSE
Equisetopsida,Fagales,Juglandaceae,Juglans neotropica,FALSE,FALSE
Aves,Passeriformes,Tyrannidae,Myiophobus fasciatus,FALSE,FALSE
Equisetopsida,Zingiberales,Marantaceae,Calathea lateralis,FALSE,FALSE
Mammalia,Chiroptera,Emballonuridae,Saccopteryx bilineata,FALSE,FALSE
Equisetopsida,Zingiberales,Marantaceae,Calathea lutea,FALSE,FALSE
Equisetopsida,Lamiales,Scrophulariaceae,Buddleja americana,FALSE,FALSE
Aves,Passeriformes,Fringillidae,Chlorophonia cyanea,FALSE,FALSE
Aves,Passeriformes,Thraupidae,Chlorophanes spiza,FALSE,FALSE
Equisetopsida,Gentianales,Rubiaceae,Guettarda crispiflora,FALSE,FALSE
Aves,Passeriformes,Tyrannidae,Pseudotriccus simplex,FALSE,FALSE
Aves,Tinamiformes,Tinamidae,Nothocercus nigrocapillus,FALSE,FALSE
Mammalia,Paucituberculata,Caenolestidae,Lestoros inca,FALSE,FALSE
Aves,Passeriformes,Cardinalidae,Habia rubica,FALSE,FALSE
Equisetopsida,Asterales,Asteraceae,Gamochaeta americana,FALSE,FALSE
Equisetopsida,Lamiales,Bignoniaceae,Fridericia triplinervia,FALSE,FALSE
Equisetopsida,Malvales,Malvaceae,Pavonia fruticosa,FALSE,FALSE
Equisetopsida,Asparagales,Orchidaceae,Sobralia crocea,FALSE,FALSE
Aves,Passeriformes,Tyrannidae,Hemitriccus flammulatus,FALSE,FALSE
Equisetopsida,Gentianales,Rubiaceae,Palicourea subspicata,FALSE,FALSE
Equisetopsida,Arecales,Arecaceae,Hyospathe elegans,FALSE,FALSE
Aves,Passeriformes,Thamnophilidae,Myrmoborus lophotes,FALSE,FALSE
Equisetopsida,Metteniusales,Metteniusaceae,Calatola costaricensis,FALSE,FALSE
Aves,Passeriformes,Tyrannidae,Hemitriccus granadensis,FALSE,FALSE
Aves,Passeriformes,Passerellidae,Chlorospingus flavigularis,FALSE,FALSE
Equisetopsida,Gentianales,Rubiaceae,Exostema corymbosum,TRUE,FALSE
Mammalia,Chiroptera,Phyllostomidae,Platyrrhinus infuscus,FALSE,FALSE
Aves,Passeriformes,Thraupidae,Chlorochrysa calliparaea,FALSE,FALSE
Aves,Passeriformes,Tyrannidae,Phylloscartes poecilotis,FALSE,FALSE
Mammalia,Carnivora,Canidae,Atelocynus microtis,FALSE,TRUE
Aves,Passeriformes,Vireonidae,Cyclarhis gujanensis,FALSE,FALSE
Aves,Coraciiformes,Alcedinidae,Chloroceryle inda,FALSE,FALSE
Mammalia,Cetartiodactyla,Tayassuidae,Dicotyles tajacu,FALSE,FALSE
Aves,Passeriformes,Thamnophilidae,Myrmoborus leucophrys,FALSE,FALSE
Equisetopsida,Malpighiales,Euphorbiaceae,Alchornea triplinervia,FALSE,FALSE
Aves,Piciformes,Picidae,Dryocopus lineatus,FALSE,FALSE
Aves,Passeriformes,Formicariidae,Formicarius analis,FALSE,FALSE
Aves,Passeriformes,Passerellidae,Chlorospingus flavopectus,FALSE,FALSE
Equisetopsida,Polypodiales,Athyriaceae,Diplazium pinnatifidum,FALSE,FALSE
Equisetopsida,Solanales,Solanaceae,Solanum ternatum,FALSE,FALSE
Amphibia,Anura,Bufonidae,Atelopus erythropus,TRUE,TRUE
Amphibia,Anura,Craugastoridae,Pristimantis mendax,TRUE,FALSE
Equisetopsida,Ericales,Ericaceae,Sphyrospermum buxifolium,FALSE,FALSE
Aves,Apodiformes,Trochilidae,Chlorostilbon mellisugus,FALSE,FALSE
Mammalia,Chiroptera,Phyllostomidae,Platyrrhinus incarum,FALSE,FALSE
Aves,Piciformes,Picidae,Picumnus dorbignyanus,FALSE,FALSE
Equisetopsida,Polypodiales,Athyriaceae,Diplazium lechleri,FALSE,FALSE
Aves,Passeriformes,Troglodytidae,Henicorhina leucophrys,FALSE,FALSE
Mammalia,Chiroptera,Phyllostomidae,Platyrrhinus brachycephalus,FALSE,FALSE
Aves,Coraciiformes,Alcedinidae,Chloroceryle americana,FALSE,FALSE
Mammalia,Chiroptera,Phyllostomidae,Choeroniscus minor,FALSE,FALSE
Equisetopsida,Caryophyllales,Cactaceae,Pseudorhipsalis amazonica,FALSE,FALSE
Aves,Passeriformes,Furnariidae,Automolus rufipileatus,FALSE,FALSE
Aves,Apodiformes,Apodidae,Aeronautes montivagus,FALSE,FALSE
Mammalia,Pilosa,Choloepodidae,Choloepus didactylus,FALSE,FALSE
Equisetopsida,Fabales,Fabaceae,Mimosa pudica,FALSE,FALSE
Equisetopsida,Podocarpales,Podocarpaceae,Podocarpus oleifolius,FALSE,TRUE
Aves,Coraciiformes,Alcedinidae,Chloroceryle amazona,FALSE,FALSE
Equisetopsida,Asterales,Asteraceae,Mikania micrantha,FALSE,FALSE
Equisetopsida,Santalales,Balanophoraceae,Langsdorffia hypogaea,FALSE,FALSE
Aves,Apodiformes,Trochilidae,Phaethornis malaris,FALSE,FALSE
Equisetopsida,Polypodiales,Oleandraceae,Oleandra articulata,FALSE,FALSE
Equisetopsida,Malpighiales,Linaceae,Roucheria columbiana,FALSE,FALSE
Aves,Passeriformes,Tyrannidae,Phylloscartes ventralis,FALSE,FALSE
Aves,Piciformes,Picidae,Dryobates passerinus,FALSE,FALSE
Aves,Galliformes,Odontophoridae,Odontophorus speciosus,FALSE,FALSE
Equisetopsida,Malpighiales,Euphorbiaceae,Alchornea pearcei,FALSE,FALSE
Aves,Passeriformes,Thamnophilidae,Myrmoborus myotherinus,FALSE,FALSE
Aves,Passeriformes,Thamnophilidae,Cymbilaimus lineatus,FALSE,FALSE
Aves,Passeriformes,Tyrannidae,Platyrinchus mystaceus,FALSE,FALSE
Equisetopsida,Aquifoliales,Stemonuraceae,Discophora guianensis,FALSE,FALSE
Mammalia,Pilosa,Choloepodidae,Choloepus hoffmanni,FALSE,FALSE
Equisetopsida,Malpighiales,Euphorbiaceae,Croton lechleri,FALSE,FALSE
Mammalia,Primates,Cebidae,Saimiri boliviensis,FALSE,FALSE
Aves,Psittaciformes,Psittacidae,Psittacara leucophthalmus,FALSE,FALSE
Aves,Passeriformes,Tyrannidae,Poecilotriccus albifacies,FALSE,FALSE
Aves,Passeriformes,Thamnophilidae,Cymbilaimus sanctaemariae,FALSE,FALSE
Equisetopsida,Fabales,Fabaceae,Crotalaria nitens,FALSE,FALSE
Aves,Passeriformes,Furnariidae,Automolus ochrolaemus,FALSE,FALSE
Equisetopsida,Fabales,Fabaceae,Crotalaria micans,FALSE,FALSE
Aves,Passeriformes,Tyrannidae,Poecilotriccus latirostris,FALSE,FALSE
Aves,Galbuliformes,Bucconidae,Monasa flavirostris,FALSE,FALSE
Equisetopsida,Lamiales,Acanthaceae,Herpetacanthus rotundatus,FALSE,FALSE
Aves,Passeriformes,Thraupidae,Sphenopsis melanotis,FALSE,FALSE
Equisetopsida,Asterales,Asteraceae,Critoniopsis boliviana,FALSE,FALSE
Aves,Passeriformes,Rhinocryptidae,Scytalopus atratus,FALSE,FALSE
Aves,Passeriformes,Furnariidae,Anabacerthia striaticollis,FALSE,TRUE
Aves,Falconiformes,Falconidae,Herpetotheres cachinnans,FALSE,FALSE
Aves,Passeriformes,Thamnophilidae,Myrmophylax atrothorax,FALSE,FALSE
Mammalia,Primates,Cebidae,Saimiri sciureus,FALSE,FALSE
Equisetopsida,Asterales,Campanulaceae,Siphocampylus tupaeformis,FALSE,FALSE
Equisetopsida,Asterales,Asteraceae,Erechtites hieraciifolius,FALSE,FALSE
Mammalia,Chiroptera,Phyllostomidae,Phyllostomus discolor,FALSE,FALSE
Equisetopsida,Myrtales,Melastomataceae,Maieta guianensis,FALSE,FALSE
Actinopterygii,Characiformes,Characidae,Bryconamericus bolivianus,FALSE,FALSE
Aves,Passeriformes,Thamnophilidae,Herpsilochmus axillaris,FALSE,FALSE
Equisetopsida,Solanales,Solanaceae,Solanum lycopersicum,FALSE,FALSE
Equisetopsida,Asterales,Asteraceae,Erato polymnioides,FALSE,FALSE
Equisetopsida,Myrtales,Lythraceae,Adenaria floribunda,FALSE,FALSE
Equisetopsida,Rosales,Moraceae,Pseudolmedia laevis,FALSE,FALSE
Insecta,Coleoptera,Scarabaeidae,Eurysternus marmoreus,FALSE,FALSE
Insecta,Coleoptera,Scarabaeidae,Onthophagus haematopus,FALSE,FALSE
Equisetopsida,Gentianales,Rubiaceae,Schradera subandina,FALSE,FALSE
Aves,Columbiformes,Columbidae,Patagioenas plumbea,FALSE,FALSE
Equisetopsida,Gentianales,Rubiaceae,Psychotria acreana,FALSE,FALSE
Equisetopsida,Arecales,Arecaceae,Dictyocaryum lamarckianum,FALSE,FALSE
Equisetopsida,Gentianales,Rubiaceae,Eumachia boliviana,FALSE,FALSE
Equisetopsida,Malpighiales,Malpighiaceae,Banisteriopsis muricata,FALSE,FALSE
Aves,Passeriformes,Thraupidae,Creurgops dentatus,FALSE,FALSE
Equisetopsida,Ericales,Ericaceae,Disterigma alaternoides,FALSE,FALSE
Mammalia,Chiroptera,Phyllostomidae,Hsunycteris thomasi,FALSE,FALSE
Equisetopsida,Gentianales,Rubiaceae,Psychotria brachiata,FALSE,FALSE
Aves,Passeriformes,Tyrannidae,Attila spadiceus,FALSE,FALSE
Aves,Passeriformes,Tyrannidae,Megarynchus pitangua,FALSE,FALSE
Insecta,Coleoptera,Scarabaeidae,Ontherus obliquus,FALSE,FALSE
Equisetopsida,Poales,Cyperaceae,Cyperus laxus,FALSE,FALSE
Mammalia,Chiroptera,Phyllostomidae,Chiroderma villosum,FALSE,FALSE
Insecta,Coleoptera,Scarabaeidae,Ontherus howdeni,FALSE,FALSE
Equisetopsida,Poales,Cyperaceae,Cyperus odoratus,FALSE,FALSE
Insecta,Coleoptera,Scarabaeidae,Ontherus azteca,FALSE,FALSE
Equisetopsida,Malpighiales,Caryocaraceae,Caryocar amygdaliforme,FALSE,FALSE
Mammalia,Chiroptera,Phyllostomidae,Chiroderma trinitatum,FALSE,FALSE
Mammalia,Chiroptera,Phyllostomidae,Mesophylla macconnelli,FALSE,FALSE
Equisetopsida,Asterales,Asteraceae,Polyanthina nemorosa,FALSE,FALSE
Equisetopsida,Gentianales,Rubiaceae,Psychotria ceronii,FALSE,FALSE
Equisetopsida,Polypodiales,Dryopteridaceae,Lastreopsis amplissima,FALSE,FALSE
Insecta,Coleoptera,Scarabaeidae,Ontherus alexis,FALSE,FALSE
Equisetopsida,Gentianales,Rubiaceae,Psychotria deflexa,FALSE,FALSE
Equisetopsida,Asparagales,Orchidaceae,Maxillaria xylobiiflora,FALSE,FALSE
Aves,Galbuliformes,Bucconidae,Malacoptila fulvogularis,FALSE,FALSE
Equisetopsida,Gentianales,Rubiaceae,Psychotria flaviflora,FALSE,FALSE
Aves,Passeriformes,Troglodytidae,Cyphorhinus arada,FALSE,FALSE
Equisetopsida,Equisetales,Equisetaceae,Equisetum giganteum,FALSE,FALSE
Aves,Passeriformes,Grallariidae,Myrmothera campanisona,FALSE,FALSE
Mammalia,Carnivora,Felidae,Panthera onca,FALSE,FALSE
Aves,Columbiformes,Columbidae,Leptotila rufaxilla,FALSE,FALSE
Equisetopsida,Arecales,Arecaceae,Geonoma orbignyana,FALSE,FALSE
Equisetopsida,Alismatales,Araceae,Anthurium gracile,FALSE,FALSE
Mammalia,Chiroptera,Phyllostomidae,Phyllostomus hastatus,FALSE,FALSE
Equisetopsida,Lamiales,Acanthaceae,Stenostephanus longistaminus,FALSE,FALSE
Aves,Passeriformes,Troglodytidae,Cyphorhinus thoracicus,FALSE,FALSE
Equisetopsida,Equisetales,Equisetaceae,Equisetum bogotense,FALSE,FALSE
Mammalia,Chiroptera,Phyllostomidae,Chrotopterus auritus,FALSE,FALSE
Equisetopsida,Malpighiales,Euphorbiaceae,Alchornea glandulosa,FALSE,FALSE
Equisetopsida,Malpighiales,Salicaceae,Banara guianensis,FALSE,FALSE
Equisetopsida,Rosales,Moraceae,Sorocea muriculata,FALSE,FALSE
Equisetopsida,Asparagales,Orchidaceae,Acronia cordata,FALSE,FALSE
Aves,Passeriformes,Thamnophilidae,Herpsilochmus motacilloides,TRUE,FALSE
Equisetopsida,Malpighiales,Caryocaraceae,Caryocar amygdaliferum,FALSE,FALSE
Equisetopsida,Sapindales,Rutaceae,Dictyoloma peruvianum,FALSE,FALSE
Aves,Passeriformes,Tyrannidae,Myiopagis gaimardii,FALSE,FALSE
Equisetopsida,Gentianales,Rubiaceae,Faramea multiflora,FALSE,FALSE
Equisetopsida,Asparagales,Orchidaceae,Cyrtochilum cimiciferum,FALSE,FALSE
Equisetopsida,Gentianales,Rubiaceae,Gonzalagunia killipii,FALSE,FALSE
Equisetopsida,Asparagales,Orchidaceae,Cyrtochilum minax,TRUE,FALSE
Actinopterygii,Characiformes,Characidae,Creagrutus peruanus,FALSE,FALSE
Equisetopsida,Commelinales,Commelinaceae,Floscopa peruviana,FALSE,FALSE
Mammalia,Chiroptera,Vespertilionidae,Eptesicus (Histiotus) velatus,FALSE,TRUE
Equisetopsida,Polypodiales,Pteridaceae,Pityrogramma trifoliata,FALSE,FALSE
Equisetopsida,Asparagales,Orchidaceae,Cyrtochilum tetraplasium,FALSE,FALSE
Equisetopsida,Asparagales,Orchidaceae,Maxillaria villosa,FALSE,FALSE
Aves,Passeriformes,Tyrannidae,Myiarchus ferox,FALSE,FALSE
Equisetopsida,Gentianales,Rubiaceae,Psychotria micrantha,FALSE,FALSE
Equisetopsida,Sapindales,Meliaceae,Guarea pubescens,FALSE,FALSE
Aves,Passeriformes,Tyrannidae,Lathrotriccus euleri,FALSE,FALSE
Equisetopsida,Asterales,Asteraceae,Cyrtocymura scorpioides,FALSE,FALSE
Equisetopsida,Asparagales,Orchidaceae,Acronia bivalvis,FALSE,FALSE
Actinopterygii,Characiformes,Characidae,Creagrutus changae,FALSE,FALSE
Aves,Passeriformes,Hirundinidae,Atticora tibialis,FALSE,FALSE
Equisetopsida,Gentianales,Rubiaceae,Psychotria oinochrophylla,FALSE,FALSE
Aves,Passeriformes,Furnariidae,Cranioleuca curtata,FALSE,FALSE
Equisetopsida,Gentianales,Rubiaceae,Psychotria pilosa,FALSE,FALSE
Equisetopsida,Sapindales,Sapindaceae,Paullinia rugosa,FALSE,FALSE
Mammalia,Cetartiodactyla,Cervidae,Mazama nemorivaga,FALSE,FALSE
Equisetopsida,Malpighiales,Achariaceae,Mayna odorata,FALSE,FALSE
Aves,Passeriformes,Thamnophilidae,Drymophila devillei,FALSE,FALSE
Aves,Passeriformes,Thraupidae,Dacnis cayana,FALSE,FALSE
Equisetopsida,Fabales,Fabaceae,Andira inermis,FALSE,FALSE
Aves,Passeriformes,Tyrannidae,Leptopogon taczanowskii,TRUE,FALSE
Equisetopsida,Lamiales,Acanthaceae,Mendoncia robusta,FALSE,FALSE
Amphibia,Anura,Dendrobatidae,Ameerega macero,FALSE,FALSE
Aves,Passeriformes,Tyrannidae,Myiarchus cephalotes,FALSE,FALSE
Equisetopsida,Gentianales,Gentianaceae,Chelonanthus alatus,FALSE,FALSE
Equisetopsida,Gentianales,Rubiaceae,Psychotria reticulata,FALSE,FALSE
Equisetopsida,Gentianales,Rubiaceae,Coussarea paniculata,FALSE,FALSE
Equisetopsida,Gentianales,Rubiaceae,Coussarea macrophylla,FALSE,FALSE
Aves,Passeriformes,Tyrannidae,Leptopogon superciliaris,FALSE,FALSE
Equisetopsida,Polypodiales,Blechnaceae,Salpichlaena volubilis,FALSE,FALSE
Aves,Passeriformes,Thraupidae,Dacnis lineata,FALSE,FALSE
Aves,Galbuliformes,Bucconidae,Chelidoptera tenebrosa,FALSE,FALSE
Aves,Passeriformes,Furnariidae,Pseudocolaptes boissonneautii,FALSE,FALSE
Equisetopsida,Gentianales,Rubiaceae,Hillia parasitica,FALSE,FALSE
Equisetopsida,Myrtales,Melastomataceae,Monolena primuliflora,FALSE,FALSE
Mammalia,Rodentia,Echimyidae,Dactylomys dactylinus,FALSE,FALSE
Equisetopsida,Gentianales,Rubiaceae,Psychotria trichotoma,FALSE,FALSE
Equisetopsida,Sapindales,Meliaceae,Guarea pterorhachis,FALSE,FALSE
Equisetopsida,Polypodiales,Pteridaceae,Cheilanthes poeppigiana,FALSE,FALSE
Aves,Galliformes,Odontophoridae,Odontophorus balliviani,FALSE,FALSE
Equisetopsida,Fabales,Fabaceae,Inga alba,FALSE,FALSE
Equisetopsida,Lamiales,Acanthaceae,Aphelandra aurantiaca,FALSE,FALSE
Mammalia,Primates,Atelidae,Lagothrix lagothricha,FALSE,TRUE
Equisetopsida,Gentianales,Rubiaceae,Palicourea schunkei,FALSE,FALSE
Mammalia,Pilosa,Myrmecophagidae,Myrmecophaga tridactyla,FALSE,TRUE
Aves,Passeriformes,Passerellidae,Ammodramus aurifrons,FALSE,FALSE
Aves,Apodiformes,Trochilidae,Haplophaedia aureliae,FALSE,FALSE
Aves,Passeriformes,Furnariidae,Sittasomus griseicapillus,FALSE,FALSE
Aves,Strigiformes,Strigidae,Ciccaba albitarsis,FALSE,FALSE
Equisetopsida,Lycopodiales,Lycopodiaceae,Lycopodiella cernua,FALSE,FALSE
Aves,Passeriformes,Thraupidae,Coereba flaveola,FALSE,FALSE
Aves,Passeriformes,Tyrannidae,Leptopogon amaurocephalus,FALSE,FALSE
Aves,Passeriformes,Furnariidae,Glyphorynchus spirurus,FALSE,FALSE
Equisetopsida,Gentianales,Rubiaceae,Palicourea ramiflora,FALSE,FALSE
Equisetopsida,Poales,Bromeliaceae,Pitcairnia paniculata,FALSE,FALSE
Amphibia,Anura,Hylidae,Hypsiboas boans,FALSE,FALSE
Aves,Passeriformes,Thamnophilidae,Epinecrophylla spodionota,FALSE,FALSE
Equisetopsida,Asparagales,Orchidaceae,Ponthieva fertilis,FALSE,FALSE
Aves,Passeriformes,Tyrannidae,Mionectes striaticollis,FALSE,FALSE
Equisetopsida,Zingiberales,Costaceae,Costus scaber,FALSE,FALSE
Equisetopsida,Polypodiales,Dryopteridaceae,Olfersia cervina,FALSE,FALSE
Aves,Passeriformes,Thamnophilidae,Epinecrophylla ornata,FALSE,FALSE
Equisetopsida,Lamiales,Gesneriaceae,Drymonia urceolata,FALSE,FALSE
Equisetopsida,Poales,Bromeliaceae,Guzmania globosa,FALSE,FALSE
Equisetopsida,Marattiales,Marattiaceae,Danaea nodosa,FALSE,FALSE
Equisetopsida,Zingiberales,Costaceae,Costus productus,FALSE,FALSE
Equisetopsida,Rosales,Moraceae,Sorocea steinbachii,FALSE,FALSE
Equisetopsida,Laurales,Lauraceae,Ocotea oblonga,FALSE,FALSE
Equisetopsida,Gentianales,Rubiaceae,Psychotria viridis,FALSE,FALSE
Mammalia,Didelphimorphia,Didelphidae,Didelphis marsupialis,FALSE,FALSE
Equisetopsida,Malpighiales,Euphorbiaceae,Hevea guianensis,FALSE,FALSE
Equisetopsida,Asterales,Asteraceae,Acmella ciliata,FALSE,FALSE
Equisetopsida,Poales,Cyperaceae,Scleria secans,FALSE,FALSE
Aves,Passeriformes,Rhinocryptidae,Scytalopus parvirostris,FALSE,FALSE
Insecta,Coleoptera,Scarabaeidae,Oxysternon conspicillatum,FALSE,FALSE
Amphibia,Anura,Craugastoridae,Psychrophrynella bagrecito,TRUE,TRUE
Equisetopsida,Asparagales,Orchidaceae,Brevilongium scansor,FALSE,FALSE
Equisetopsida,Lamiales,Gesneriaceae,Corytoplectus speciosus,FALSE,FALSE
Mammalia,Chiroptera,Phyllostomidae,Gardnerycteris crenulata,FALSE,FALSE
Aves,Strigiformes,Strigidae,Ciccaba huhula,FALSE,FALSE
Aves,Passeriformes,Parulidae,Myiothlypis chrysogaster,FALSE,FALSE
Equisetopsida,Asparagales,Orchidaceae,Pterichis silvestris,FALSE,FALSE
Equisetopsida,Gentianales,Rubiaceae,Palicourea racemosa,FALSE,FALSE
Insecta,Coleoptera,Scarabaeidae,Phanaeus cambeforti,FALSE,FALSE
Aves,Passeriformes,Thraupidae,Saltator coerulescens,FALSE,FALSE
Mammalia,Rodentia,Dasyproctidae,Dasyprocta fuliginosa,FALSE,FALSE
Insecta,Coleoptera,Scarabaeidae,Oxysternon aeneum,FALSE,FALSE
Equisetopsida,Asparagales,Orchidaceae,Pterichis triloba,FALSE,FALSE
Aves,Passeriformes,Thraupidae,Sphenopsis frontalis,FALSE,FALSE
Equisetopsida,Fabales,Fabaceae,Inga adenophylla,FALSE,FALSE
Equisetopsida,Sapindales,Meliaceae,Guarea macrophylla,FALSE,FALSE
Aves,Passeriformes,Parulidae,Myiothlypis coronata,FALSE,FALSE
Equisetopsida,Malpighiales,Passifloraceae,Passiflora edulis,FALSE,FALSE
Aves,Passeriformes,Tyrannidae,Corythopis torquatus,FALSE,FALSE
Equisetopsida,Fabales,Fabaceae,Calliandra angustifolia,FALSE,FALSE
Equisetopsida,Magnoliales,Annonaceae,Porcelia ponderosa,FALSE,FALSE
Equisetopsida,Rosales,Moraceae,Ficus trigona,FALSE,FALSE
Mammalia,Rodentia,Dinomyidae,Dinomys branickii,FALSE,TRUE
Equisetopsida,Fabales,Fabaceae,Calliandra trinervia,FALSE,FALSE
Equisetopsida,Poales,Bromeliaceae,Guzmania paniculata,FALSE,FALSE
Aves,Cathartiformes,Cathartidae,Cathartes aura,FALSE,FALSE
Equisetopsida,Poales,Bromeliaceae,Guzmania squarrosa,FALSE,FALSE
Equisetopsida,Asterales,Asteraceae,Baccharis latifolia,FALSE,FALSE
Insecta,Coleoptera,Scarabaeidae,Eurysternus caribaeus,FALSE,FALSE
Insecta,Coleoptera,Scarabaeidae,Phanaeus meleagris,FALSE,FALSE
Equisetopsida,Arecales,Arecaceae,Iriartea deltoidea,FALSE,FALSE
Aves,Apodiformes,Trochilidae,Doryfera ludovicae,FALSE,FALSE
Aves,Passeriformes,Tityridae,Pachyramphus polychopterus,FALSE,FALSE
Equisetopsida,Asterales,Asteraceae,Porophyllum ruderale,FALSE,FALSE
Equisetopsida,Gentianales,Rubiaceae,Palicourea punicea,FALSE,FALSE
Aves,Passeriformes,Tyrannidae,Rhytipterna simplex,FALSE,FALSE
Equisetopsida,Malvales,Malvaceae,Ochroma pyramidale,FALSE,FALSE
Aves,Trogoniformes,Trogonidae,Pharomachrus antisianus,FALSE,FALSE
Equisetopsida,Laurales,Siparunaceae,Siparuna thecaphora,FALSE,FALSE
Equisetopsida,Asparagales,Orchidaceae,Epidendrum trachysepalum,FALSE,FALSE
Equisetopsida,Santalales,Balanophoraceae,Corynaea crassa,FALSE,FALSE
Mammalia,Rodentia,Dasyproctidae,Dasyprocta variegata,FALSE,FALSE
Aves,Trogoniformes,Trogonidae,Pharomachrus auriceps,FALSE,FALSE
Equisetopsida,Asterales,Asteraceae,Munnozia hastifolia,FALSE,FALSE
Equisetopsida,Sapindales,Anacardiaceae,Ochoterenaea colombiana,FALSE,FALSE
Aves,Passeriformes,Thamnophilidae,Myrmotherula brachyura,FALSE,FALSE
Equisetopsida,Asparagales,Orchidaceae,Odontoglossum wyattianum,FALSE,TRUE
Equisetopsida,Asterales,Asteraceae,Chaptalia nutans,FALSE,FALSE
Insecta,Lepidoptera,Nymphalidae,Methona confusa,FALSE,FALSE
Aves,Psittaciformes,Psittacidae,Ara ararauna,FALSE,FALSE
Equisetopsida,Asterales,Asteraceae,Liabum acuminatum,FALSE,FALSE
Equisetopsida,Caryophyllales,Amaranthaceae,Chamissoa altissima,FALSE,FALSE
Equisetopsida,Asparagales,Orchidaceae,Epidendrum ramosum,FALSE,FALSE
Aves,Passeriformes,Icteridae,Psarocolius decumanus,FALSE,FALSE
Equisetopsida,Gentianales,Rubiaceae,Randia armata,FALSE,FALSE
Aves,Passeriformes,Formicariidae,Chamaeza mollissima,FALSE,FALSE
Aves,Passeriformes,Thraupidae,Iridosornis analis,FALSE,FALSE
Equisetopsida,Malpighiales,Salicaceae,Lunania parviflora,FALSE,FALSE
Equisetopsida,Asterales,Asteraceae,Mikania desmocephala,FALSE,FALSE
Equisetopsida,Rosales,Moraceae,Ficus popenoei,FALSE,FALSE
Equisetopsida,Malpighiales,Calophyllaceae,Marila laxiflora,FALSE,FALSE
Equisetopsida,Gentianales,Rubiaceae,Posoqueria coriacea,FALSE,FALSE
Aves,Passeriformes,Parulidae,Myiothlypis fulvicauda,FALSE,FALSE
Equisetopsida,Asterales,Asteraceae,Liabum amplexicaule,FALSE,FALSE
Aves,Psittaciformes,Psittacidae,Ara macao,FALSE,FALSE
Equisetopsida,Poales,Poaceae,Pharus latifolius,FALSE,FALSE
Mammalia,Cingulata,Dasypodidae,Dasypus novemcinctus,FALSE,FALSE
Equisetopsida,Asterales,Asteraceae,Baccharis trinervis,FALSE,FALSE
Aves,Passeriformes,Thraupidae,Saltator maximus,FALSE,FALSE
Aves,Passeriformes,Formicariidae,Chamaeza campanisona,FALSE,FALSE
Aves,Galliformes,Cracidae,Chamaepetes goudotii,FALSE,FALSE
Aves,Gruiformes,Rallidae,Aramides cajaneus,FALSE,FALSE
Aves,Passeriformes,Fringillidae,Euphonia chrysopasta,FALSE,FALSE
Equisetopsida,Asparagales,Orchidaceae,Epidendrum nocturnum,FALSE,FALSE
Equisetopsida,Asterales,Asteraceae,Munnozia senecionidis,FALSE,FALSE
Aves,Passeriformes,Furnariidae,Margarornis squamiger,FALSE,FALSE
Equisetopsida,Myrtales,Melastomataceae,Miconia tomentosa,FALSE,FALSE
Aves,Passeriformes,Thraupidae,Ramphocelus carbo,FALSE,FALSE
Aves,Psittaciformes,Psittacidae,Ara militaris,FALSE,TRUE
Equisetopsida,Zingiberales,Costaceae,Dimerocostus argenteus,FALSE,FALSE
Aves,Passeriformes,Cardinalidae,Piranga leucoptera,FALSE,FALSE
Equisetopsida,Arecales,Arecaceae,Chamaedorea pinnatifrons,FALSE,FALSE
Aves,Psittaciformes,Psittacidae,Ara severus,FALSE,FALSE
Equisetopsida,Asparagales,Orchidaceae,Epidendrum laceratum,FALSE,FALSE
Insecta,Coleoptera,Scarabaeidae,Eurysternus plebejus,FALSE,FALSE
Equisetopsida,Myrtales,Alzateaceae,Alzatea verticillata,FALSE,FALSE
Aves,Passeriformes,Fringillidae,Euphonia laniirostris,FALSE,FALSE
Equisetopsida,Asparagales,Orchidaceae,Sobralia fimbriata,FALSE,FALSE
Equisetopsida,Arecales,Arecaceae,Chamaedorea linearis,FALSE,FALSE
Mammalia,Rodentia,Caviidae,Hydrochoerus hydrochaeris,FALSE,FALSE
Aves,Passeriformes,Thamnophilidae,Hylophylax naevius,FALSE,FALSE
Aves,Passeriformes,Thraupidae,Chalcothraupis ruficervix,FALSE,FALSE
Aves,Passeriformes,Thraupidae,Calochaetes coccineus,FALSE,FALSE
Aves,Passeriformes,Cardinalidae,Piranga flava,FALSE,FALSE
Aves,Passeriformes,Icteridae,Psarocolius bifasciatus,FALSE,FALSE
Aves,Caprimulgiformes,Caprimulgidae,Nyctidromus albicollis,FALSE,FALSE
Equisetopsida,Lamiales,Gesneriaceae,Drymonia pendula,FALSE,FALSE
Aves,Piciformes,Ramphastidae,Pteroglossus castanotis,FALSE,FALSE
Mammalia,Chiroptera,Emballonuridae,Rhynchonycteris naso,FALSE,FALSE
Aves,Passeriformes,Thraupidae,Anisognathus somptuosus,FALSE,FALSE
Equisetopsida,Malpighiales,Clusiaceae,Arawakia weddelliana,FALSE,FALSE
Equisetopsida,Rosales,Moraceae,Ficus paraensis,FALSE,FALSE
Equisetopsida,Malpighiales,Violaceae,Leonia glycycarpa,FALSE,FALSE
Mammalia,Chiroptera,Phyllostomidae,Carollia brevicauda,FALSE,FALSE
Equisetopsida,Asparagales,Orchidaceae,Epidendrum gracillimum,FALSE,FALSE
Equisetopsida,Gentianales,Rubiaceae,Hamelia patens,FALSE,FALSE
Equisetopsida,Myrtales,Myrtaceae,Myrcia tomentosa,FALSE,FALSE
Amphibia,Anura,Craugastoridae,Pristimantis fenestratus,FALSE,FALSE
Equisetopsida,Gentianales,Gentianaceae,Potalia resinifera,FALSE,FALSE
Equisetopsida,Gentianales,Rubiaceae,Ladenbergia oblongifolia,FALSE,FALSE
Aves,Passeriformes,Icteridae,Psarocolius atrovirens,FALSE,FALSE
Equisetopsida,Fabales,Fabaceae,Piptadenia anolidurus,FALSE,FALSE
Equisetopsida,Polypodiales,Dryopteridaceae,Didymochlaena truncatula,FALSE,FALSE
Aves,Passeriformes,Icteridae,Psarocolius angustifrons,FALSE,FALSE
Equisetopsida,Boraginales,Boraginaceae,Cordia nodosa,FALSE,FALSE
Aves,Passeriformes,Passerellidae,Atlapetes melanolaemus,FALSE,FALSE
Equisetopsida,Fabales,Fabaceae,Acacia velutina,FALSE,FALSE
Equisetopsida,Sapindales,Simaroubaceae,Simarouba amara,FALSE,FALSE
Insecta,Coleoptera,Scarabaeidae,Deltochilum burmeister,FALSE,FALSE
Aves,Passeriformes,Tityridae,Pachyramphus versicolor,FALSE,FALSE
Insecta,Coleoptera,Scarabaeidae,Deltochilum carinatum,FALSE,FALSE
Aves,Passeriformes,Tyrannidae,Rhynchocyclus olivaceus,FALSE,FALSE
Aves,Apodiformes,Apodidae,Chaetura cinereiventris,FALSE,FALSE
Equisetopsida,Asparagales,Orchidaceae,Epidendrum friderici-guilielmi,FALSE,FALSE
Equisetopsida,Sapindales,Meliaceae,Guarea guidonia,FALSE,FALSE
Equisetopsida,Myrtales,Myrtaceae,Myrcia splendens,FALSE,FALSE
Insecta,Coleoptera,Scarabaeidae,Deltochilum laevigatum,FALSE,FALSE
Equisetopsida,Malpighiales,Malpighiaceae,Mascagnia cordifolia,FALSE,FALSE
Equisetopsida,Rosales,Moraceae,Morus insignis,FALSE,FALSE
Aves,Apodiformes,Apodidae,Chaetura brachyura,FALSE,FALSE
Aves,Apodiformes,Trochilidae,Ocreatus underwoodii,FALSE,FALSE
Equisetopsida,Ericales,Ericaceae,Psammisia guianensis,FALSE,FALSE
Equisetopsida,Gentianales,Rubiaceae,Arcytophyllum thymifolium,FALSE,FALSE
Insecta,Coleoptera,Scarabaeidae,Deltochilum orbiculare,FALSE,FALSE
Equisetopsida,Ericales,Ericaceae,Demosthenesia pearcei,FALSE,FALSE
Equisetopsida,Asparagales,Orchidaceae,Epidendrum fimbriatum,FALSE,FALSE
Equisetopsida,Asparagales,Orchidaceae,Epidendrum elatum,FALSE,FALSE
Equisetopsida,Ericales,Ericaceae,Psammisia coarctata,FALSE,FALSE
Aves,Cuculiformes,Cuculidae,Neomorphus geoffroyi,FALSE,FALSE
Aves,Passeriformes,Troglodytidae,Pheugopedius genibarbis,FALSE,FALSE
Aves,Passeriformes,Tyrannidae,Piprites chloris,FALSE,FALSE
Equisetopsida,Malpighiales,Phyllanthaceae,Margaritaria nobilis,FALSE,FALSE
Aves,Passeriformes,Furnariidae,Dendrexetastes rufigula,FALSE,FALSE
Mammalia,Chiroptera,Vespertilionidae,Myotis nigricans,FALSE,FALSE
Equisetopsida,Lycopodiales,Lycopodiaceae,Lygodium venustum,FALSE,FALSE
Mammalia,Chiroptera,Molossidae,Molossus rufus,FALSE,FALSE
Equisetopsida,Malvales,Malvaceae,Spirotheca rosea,FALSE,FALSE
Equisetopsida,Arecales,Arecaceae,Geonoma maxima,FALSE,FALSE
Aves,Passeriformes,Troglodytidae,Cinnycerthia fulva,FALSE,FALSE
Equisetopsida,Solanales,Solanaceae,Cestrum strigilatum,FALSE,FALSE
Equisetopsida,Gentianales,Rubiaceae,Ladenbergia carua,FALSE,FALSE
Equisetopsida,Asparagales,Orchidaceae,Epidendrum ardens,TRUE,FALSE
Equisetopsida,Sapindales,Meliaceae,Guarea guentheri,FALSE,FALSE
Equisetopsida,Asparagales,Orchidaceae,Epidendrum aquaticoides,FALSE,FALSE
Equisetopsida,Lamiales,Gesneriaceae,Drymonia coccinea,FALSE,FALSE
Equisetopsida,Liliales,Alstroemeriaceae,Bomarea sanguinea,FALSE,FALSE
Aves,Passeriformes,Parulidae,Myiothlypis signata,FALSE,FALSE
Equisetopsida,Solanales,Solanaceae,Cestrum schlechtendalii,FALSE,FALSE
Aves,Passeriformes,Cotingidae,Pipreola pulchra,TRUE,FALSE
Aves,Passeriformes,Cotingidae,Pipreola intermedia,FALSE,FALSE
Equisetopsida,Solanales,Solanaceae,Cestrum racemosum,FALSE,FALSE
Aves,Galbuliformes,Bucconidae,Micromonacha lanceolata,FALSE,FALSE
Equisetopsida,Sapindales,Sapindaceae,Paullinia ingifolia,FALSE,FALSE
Equisetopsida,Ericales,Marcgraviaceae,Marcgraviastrum macrocarpum,FALSE,FALSE
Aves,Passeriformes,Thraupidae,Diglossa glauca,FALSE,FALSE
Equisetopsida,Polypodiales,Pteridaceae,Adiantum anceps,FALSE,FALSE
Aves,Strigiformes,Strigidae,Pulsatrix melanota,FALSE,FALSE
Aves,Passeriformes,Tyrannidae,Myiotriccus ornatus,FALSE,FALSE
Mammalia,Rodentia,Erethizontidae,Coendou prehensilis,FALSE,FALSE
Equisetopsida,Malpighiales,Ochnaceae,Cespedesia spathulata,FALSE,FALSE
Aves,Passeriformes,Tyrannidae,Myiozetetes granadensis,FALSE,FALSE
Aves,Cathartiformes,Cathartidae,Coragyps atratus,FALSE,FALSE
Equisetopsida,Asterales,Asteraceae,Mikania banisteriae,FALSE,FALSE
Equisetopsida,Alismatales,Araceae,Anthurium eminens,FALSE,FALSE
Equisetopsida,Malpighiales,Euphorbiaceae,Sapium glandulosum,FALSE,FALSE
Equisetopsida,Arecales,Arecaceae,Ceroxylon pityrophyllum,FALSE,FALSE
Equisetopsida,Arecales,Arecaceae,Ceroxylon parvifrons,FALSE,TRUE
Mammalia,Carnivora,Felidae,Puma concolor,FALSE,FALSE
Aves,Passeriformes,Thraupidae,Cissopis leverianus,FALSE,FALSE
Mammalia,Carnivora,Procyonidae,Potos flavus,FALSE,FALSE
Equisetopsida,Rosales,Moraceae,Poulsenia armata,FALSE,FALSE
Mammalia,Chiroptera,Noctilionidae,Noctilio leporinus,FALSE,FALSE
Aves,Passeriformes,Furnariidae,Dendrocolaptes certhia,FALSE,FALSE
Equisetopsida,Arecales,Arecaceae,Geonoma brongniartii,FALSE,FALSE
Aves,Cathartiformes,Cathartidae,Cathartes melambrotus,FALSE,FALSE
Equisetopsida,Gentianales,Rubiaceae,Gonzalagunia bunchosioides,FALSE,FALSE
Equisetopsida,Alismatales,Araceae,Philodendron acreanum,FALSE,FALSE
Aves,Falconiformes,Falconidae,Falco rufigularis,FALSE,FALSE
Equisetopsida,Solanales,Solanaceae,Solanum albidum,FALSE,FALSE
Insecta,Coleoptera,Scarabaeidae,Coprophanaeus telamon,FALSE,FALSE
Aves,Psittaciformes,Psittacidae,Primolius couloni,FALSE,TRUE
Mammalia,Chiroptera,Phyllostomidae,Sphaeronycteris toxophyllum,FALSE,FALSE
Equisetopsida,Asparagales,Orchidaceae,Gomphichis plantaginifolia,FALSE,FALSE
Aves,Passeriformes,Turdidae,Entomodestes leucotis,FALSE,FALSE
Aves,Passeriformes,Thamnophilidae,Cercomacroides nigrescens,FALSE,FALSE
Equisetopsida,Malpighiales,Euphorbiaceae,Sapium marmieri,FALSE,FALSE
Aves,Passeriformes,Thamnophilidae,Cercomacra manu,FALSE,FALSE
Amphibia,Anura,Craugastoridae,Noblella myrmecoides,FALSE,FALSE
Equisetopsida,Fabales,Fabaceae,Enterolobium schomburgkii,FALSE,FALSE
Aves,Passeriformes,Tyrannidae,Myiodynastes chrysocephalus,FALSE,FALSE
Equisetopsida,Fabales,Fabaceae,Enterolobium cyclocarpum,FALSE,FALSE
Aves,Piciformes,Picidae,Campephilus haematogaster,FALSE,FALSE
Aves,Piciformes,Picidae,Campephilus melanoleucos,FALSE,FALSE
Equisetopsida,Myrtales,Lythraceae,Physocalymma scaberrimum,FALSE,FALSE
Insecta,Coleoptera,Scarabaeidae,Coprophanaeus larseni,FALSE,FALSE
Insecta,Coleoptera,Scarabaeidae,Coprophanaeus ignecinctus,FALSE,FALSE
Aves,Passeriformes,Thraupidae,Loriotus rufiventer,FALSE,FALSE
Equisetopsida,Vitales,Vitaceae,Cissus verticillata subsp. verticillata,FALSE,FALSE
Equisetopsida,Arecales,Arecaceae,Geonoma macrostachys,FALSE,FALSE
Equisetopsida,Polypodiales,Polypodiaceae,Microgramma dictyophylla,FALSE,FALSE
Equisetopsida,Sapindales,Burseraceae,Protium sagotianum,FALSE,FALSE
Equisetopsida,Polypodiales,Polypodiaceae,Grammitis serrulata,FALSE,FALSE
Equisetopsida,Rosales,Moraceae,Ficus matiziana,FALSE,FALSE
Equisetopsida,Asterales,Asteraceae,Conyza bonariensis,FALSE,FALSE
Equisetopsida,Alismatales,Araceae,Philodendron ernestii,FALSE,FALSE
Aves,Psittaciformes,Psittacidae,Bolborhynchus lineola,FALSE,FALSE
Aves,Apodiformes,Trochilidae,Aglaiocercus kingi,FALSE,FALSE
Equisetopsida,Fabales,Fabaceae,Mucuna rostrata,FALSE,FALSE
Mammalia,Carnivora,Felidae,Puma yagouaroundi,FALSE,FALSE
Aves,Passeriformes,Tyrannidae,Contopus sordidulus,FALSE,FALSE
Equisetopsida,Myrtales,Melastomataceae,Miconia condylata,FALSE,FALSE
Aves,Passeriformes,Troglodytidae,Microcerculus marginatus,FALSE,FALSE
Equisetopsida,Solanales,Solanaceae,Solanum grandiflorum,FALSE,FALSE
Equisetopsida,Santalales,Olacaceae,Minquartia guianensis,FALSE,FALSE
Actinopterygii,Characiformes,Characidae,Ceratobranchia obtusirostris,FALSE,FALSE
Equisetopsida,Rosales,Urticaceae,Pourouma cecropiifolia,FALSE,FALSE
Equisetopsida,Solanales,Solanaceae,Solanum americanum,FALSE,FALSE
Aves,Piciformes,Picidae,Campephilus rubricollis,FALSE,FALSE
Equisetopsida,Asparagales,Orchidaceae,Maxillaria aggregata,FALSE,FALSE
Mammalia,Chiroptera,Vespertilionidae,Myotis oxyotus,FALSE,FALSE
Aves,Charadriiformes,Scolopacidae,Actitis macularius,FALSE,FALSE
Equisetopsida,Myrtales,Melastomataceae,Miconia bubalina,FALSE,FALSE
Aves,Passeriformes,Cotingidae,Pipreola arcuata,FALSE,FALSE
Aves,Apodiformes,Trochilidae,Boissonneaua matthewsii,FALSE,FALSE
Aves,Passeriformes,Thamnophilidae,Hafferia fortis,FALSE,FALSE
Equisetopsida,Asparagales,Orchidaceae,Stelis aviceps,FALSE,FALSE
Mammalia,Chiroptera,Phyllostomidae,Rhinophylla pumilio,FALSE,FALSE
Equisetopsida,Rosales,Urticaceae,Pourouma guianensis,FALSE,FALSE
Equisetopsida,Picramniales,Picramniaceae,Picramnia sellowii,FALSE,FALSE
Aves,Passeriformes,Fringillidae,Euphonia xanthogaster,FALSE,FALSE
Mammalia,Cetartiodactyla,Cervidae,Mazama chunyi,FALSE,TRUE
Aves,Apodiformes,Trochilidae,Coeligena torquata,FALSE,FALSE
Aves,Passeriformes,Thamnophilidae,Sciaphylax hemimelaena,FALSE,FALSE
Amphibia,Anura,Craugastoridae,Pristimantis peruvianus,FALSE,FALSE
Equisetopsida,Rosales,Urticaceae,Boehmeria pavonii,FALSE,FALSE
Equisetopsida,Sapindales,Burseraceae,Protium opacum,FALSE,FALSE
Equisetopsida,Aquifoliales,Cardiopteridaceae,Citronella incarum,FALSE,FALSE
Equisetopsida,Lamiales,Gesneriaceae,Gloxinia erinoides,FALSE,FALSE
Equisetopsida,Ericales,Marcgraviaceae,Sarcopera anomala,FALSE,FALSE
Equisetopsida,Gentianales,Rubiaceae,Isertia laevis,FALSE,FALSE
Aves,Passeriformes,Tyrannidae,Contopus fumigatus,FALSE,FALSE
Equisetopsida,Ericales,Ericaceae,Semiramisia speciosa,FALSE,FALSE
Mammalia,Chiroptera,Phyllostomidae,Rhinophylla fischerae,FALSE,FALSE
Aves,Psittaciformes,Psittacidae,Pionus tumultuosus,FALSE,FALSE
Equisetopsida,Laurales,Lauraceae,Ocotea javitensis,FALSE,FALSE
Aves,Passeriformes,Furnariidae,Anabazenops dorsalis,FALSE,FALSE
Equisetopsida,Lamiales,Gesneriaceae,Gloxinia perennis,FALSE,FALSE
Equisetopsida,Asparagales,Orchidaceae,Maxillaria sect. cyrtidiorchis,FALSE,FALSE
Equisetopsida,Sapindales,Burseraceae,Protium nodulosum,FALSE,FALSE
Equisetopsida,Ranunculales,Papaveraceae,Bocconia frutescens,FALSE,FALSE
Equisetopsida,Asterales,Asteraceae,Baccharis oblongifolia,FALSE,FALSE
Equisetopsida,Lamiales,Gesneriaceae,Gloxinia xanthophylla,FALSE,FALSE
Amphibia,Anura,Bufonidae,Rhinella veraguensis,FALSE,TRUE
Aves,Passeriformes,Tyrannidae,Contopus cooperi,FALSE,FALSE
Aves,Passeriformes,Pipridae,Pipra fasciicauda,FALSE,FALSE
Equisetopsida,Rosales,Moraceae,Ficus maroma,FALSE,FALSE
Aves,Galbuliformes,Bucconidae,Monasa nigrifrons,FALSE,FALSE
Mammalia,Rodentia,Cricetidae,Oxymycterus inca,FALSE,FALSE
Equisetopsida,Rosales,Moraceae,Clarisia biflora,FALSE,FALSE
Equisetopsida,Asparagales,Orchidaceae,Elleanthus conifer,FALSE,FALSE
Aves,Passeriformes,Cotingidae,Cephalopterus ornatus,FALSE,FALSE
Equisetopsida,Sapindales,Sapindaceae,Allophylus pilosus,FALSE,FALSE
Mammalia,Chiroptera,Phyllostomidae,Anoura geoffroyi,FALSE,FALSE
Amphibia,Anura,Bufonidae,Rhinella marina,FALSE,FALSE
Equisetopsida,Polypodiales,Polypodiaceae,Campyloneurum asplundii,FALSE,FALSE
Equisetopsida,Rosales,Moraceae,Clarisia racemosa,FALSE,FALSE
Aves,Passeriformes,Thraupidae,Sporathraupis cyanocephala,FALSE,FALSE
Aves,Cathartiformes,Cathartidae,Sarcoramphus papa,FALSE,FALSE
Equisetopsida,Poales,Poaceae,Eleusine indica,FALSE,FALSE
Equisetopsida,Malpighiales,Lacistemataceae,Lacistema aggregatum,FALSE,FALSE
Aves,Columbiformes,Columbidae,Patagioenas fasciata,FALSE,FALSE
Equisetopsida,Lamiales,Gesneriaceae,Seemannia sylvatica,FALSE,FALSE
Equisetopsida,Rosales,Urticaceae,Pourouma minor,FALSE,FALSE
Aves,Passeriformes,Passerellidae,Arremon brunneinucha,FALSE,FALSE
Equisetopsida,Polypodiales,Polypodiaceae,Campyloneurum fuscosquamatum,FALSE,FALSE
Equisetopsida,Polypodiales,Blechnaceae,Blechnum schomburgkii,FALSE,FALSE
Aves,Passeriformes,Tyrannidae,Mionectes olivaceus,FALSE,FALSE
Mammalia,Carnivora,Felidae,Leopardus pardalis,FALSE,FALSE
Equisetopsida,Solanales,Solanaceae,Solanum mite,FALSE,FALSE
Equisetopsida,Asterales,Campanulaceae,Centropogon roseus,FALSE,FALSE
Aves,Passeriformes,Passerellidae,Arremon taciturnus,FALSE,FALSE
Equisetopsida,Fagales,Betulaceae,Alnus acuminata,FALSE,TRUE
Aves,Passeriformes,Grallariidae,Grallaricula flavirostris,FALSE,FALSE
Aves,Galbuliformes,Galbulidae,Galbula cyanescens,FALSE,FALSE
Equisetopsida,Gentianales,Rubiaceae,Palicourea microbotrys,FALSE,FALSE
Amphibia,Anura,Craugastoridae,Pristimantis platydactylus,FALSE,FALSE
Mammalia,Rodentia,Erethizontidae,Coendou bicolor,FALSE,FALSE
Equisetopsida,Malpighiales,Euphorbiaceae,Glycydendron amazonicum,FALSE,FALSE
Equisetopsida,Myrtales,Melastomataceae,Arthrostemma ciliatum,FALSE,FALSE
Aves,Passeriformes,Cotingidae,Ampelion rufaxilla,FALSE,FALSE
Aves,Passeriformes,Conopophagidae,Conopophaga ardesiaca,FALSE,FALSE
Equisetopsida,Asparagales,Orchidaceae,Stelis tricardium,FALSE,FALSE
Equisetopsida,Asterales,Campanulaceae,Centropogon granulosus,FALSE,FALSE
Equisetopsida,Gentianales,Rubiaceae,Palicourea compta,FALSE,FALSE
Aves,Accipitriformes,Accipitridae,Parabuteo leucorrhous,FALSE,FALSE
Equisetopsida,Polypodiales,Thelypteridaceae,Steiropteris decussata,FALSE,FALSE
Equisetopsida,Asterales,Campanulaceae,Centropogon cornutus,FALSE,FALSE
Aves,Passeriformes,Tyrannidae,Conopias cinchoneti,FALSE,FALSE
Aves,Piciformes,Ramphastidae,Aulacorhynchus coeruleicinctis,FALSE,FALSE
Mammalia,Chiroptera,Phyllostomidae,Artibeus lituratus,FALSE,FALSE
Equisetopsida,Polypodiales,Dryopteridaceae,Elaphoglossum moorei,FALSE,FALSE
Aves,Passeriformes,Thraupidae,Conirostrum speciosum,FALSE,FALSE
Equisetopsida,Ericales,Clethraceae,Clethra obovata,FALSE,FALSE
Aves,Passeriformes,Turdidae,Myadestes ralloides,FALSE,FALSE
Equisetopsida,Sapindales,Burseraceae,Protium amazonicum,FALSE,FALSE
Equisetopsida,Asterales,Asteraceae,Clibadium surinamense,FALSE,FALSE
Equisetopsida,Aquifoliales,Aquifoliaceae,Incarum pavonii,FALSE,FALSE
Amphibia,Anura,Hylidae,Hypsiboas lanciformis,FALSE,FALSE
Equisetopsida,Laurales,Monimiaceae,Mollinedia killipii,FALSE,FALSE
Aves,Passeriformes,Thamnophilidae,Myrmotherula schisticolor,FALSE,FALSE
Aves,Passeriformes,Troglodytidae,Campylorhynchus turdinus,FALSE,FALSE
Mammalia,Chiroptera,Phyllostomidae,Artibeus obscurus,FALSE,FALSE
Mammalia,Chiroptera,Phyllostomidae,Artibeus planirostris,FALSE,FALSE
Equisetopsida,Asterales,Asteraceae,Baccharis salicifolia,FALSE,FALSE
Equisetopsida,Myrtales,Melastomataceae,Clidemia dentata,FALSE,FALSE
Aves,Passeriformes,Icteridae,Icterus cayanensis,FALSE,FALSE
Aves,Passeriformes,Thamnophilidae,Rhegmatorhina melanosticta,FALSE,FALSE
Equisetopsida,Ericales,Actinidiaceae,Saurauia biserrata,FALSE,FALSE
Equisetopsida,Malpighiales,Euphorbiaceae,Acalypha diversifolia,FALSE,FALSE
Aves,Passeriformes,Hirundinidae,Pygochelidon cyanoleuca,FALSE,FALSE
Equisetopsida,Gentianales,Rubiaceae,Palicourea macrobotrys,FALSE,FALSE
Aves,Accipitriformes,Accipitridae,Elanoides forficatus,FALSE,FALSE
Aves,Strigiformes,Strigidae,Megascops albogularis,FALSE,FALSE
Aves,Passeriformes,Thamnophilidae,Hypocnemis hypoxantha,FALSE,FALSE
Aves,Passeriformes,Thamnophilidae,Phlegopsis nigromaculata,FALSE,FALSE
Equisetopsida,Myrtales,Melastomataceae,Clidemia dimorphica,FALSE,FALSE
Equisetopsida,Myrtales,Melastomataceae,Clidemia heterophylla,FALSE,FALSE
Equisetopsida,Asparagales,Orchidaceae,Prosthechea vespa,FALSE,FALSE
Equisetopsida,Rosales,Cannabaceae,Celtis schippii,FALSE,FALSE
Amphibia,Anura,Hylidae,Dendropsophus parviceps,FALSE,FALSE
Aves,Psittaciformes,Psittacidae,Pionus menstruus,FALSE,FALSE
Equisetopsida,Rosales,Cannabaceae,Celtis iguanaea,FALSE,TRUE
Equisetopsida,Solanales,Solanaceae,Solanum riparium,FALSE,FALSE
Insecta,Coleoptera,Scarabaeidae,Canthidium coerulescens,FALSE,FALSE
Equisetopsida,Picramniales,Picramniaceae,Picramnia latifolia,FALSE,FALSE
Insecta,Coleoptera,Scarabaeidae,Canthon aberrans,FALSE,FALSE
Equisetopsida,Asparagales,Orchidaceae,Maxillaria floribunda,FALSE,FALSE
Equisetopsida,Arecales,Arecaceae,Socratea exorrhiza,FALSE,FALSE
Insecta,Coleoptera,Scarabaeidae,Canthon brunneus,FALSE,FALSE
Equisetopsida,Alismatales,Araceae,Anthurium croatii,FALSE,FALSE
Equisetopsida,Rosales,Moraceae,Ficus insipida,FALSE,FALSE
Insecta,Coleoptera,Scarabaeidae,Canthon fulgidus,FALSE,FALSE
Equisetopsida,Asparagales,Orchidaceae,Prosthechea farfanii,TRUE,FALSE
Aves,Passeriformes,Tyrannidae,Serpophaga cinerea,FALSE,FALSE
Insecta,Coleoptera,Scarabaeidae,Canthon luteicollis,FALSE,FALSE
Aves,Apodiformes,Trochilidae,Phlogophilus harterti,TRUE,FALSE
Insecta,Coleoptera,Scarabaeidae,Canthon monilifer,FALSE,FALSE
Aves,Coraciiformes,Momotidae,Momotus aequatorialis,FALSE,FALSE
Aves,Passeriformes,Tyrannidae,Lophotriccus pileatus,FALSE,FALSE
Equisetopsida,Malpighiales,Euphorbiaceae,Manihot leptophylla,FALSE,FALSE
Actinopterygii,Siluriformes,Heptapteridae,Rhamdia quelen,FALSE,FALSE
Equisetopsida,Gentianales,Rubiaceae,Ixora killipii,FALSE,FALSE
Mammalia,Carnivora,Canidae,Speothos venaticus,FALSE,FALSE
Equisetopsida,Polypodiales,Nephrolepidaceae,Nephrolepis pectinata,FALSE,FALSE
Mammalia,Carnivora,Felidae,Leopardus tigrinus,FALSE,FALSE
Equisetopsida,Malpighiales,Clusiaceae,Clusia hammeliana,FALSE,FALSE
Amphibia,Anura,Leptodactylidae,Adenomera andreae,FALSE,FALSE
Aves,Passeriformes,Tyrannidae,Elaenia albiceps,FALSE,FALSE
Equisetopsida,Lamiales,Lamiaceae,Cantinoa mutabilis,FALSE,FALSE
Aves,Apodiformes,Trochilidae,Coeligena violifer,FALSE,FALSE
Aves,Passeriformes,Thraupidae,Conirostrum albifrons,FALSE,FALSE
Equisetopsida,Poales,Poaceae,Alopecurus aequalis,FALSE,FALSE
Aves,Nyctibiiformes,Nyctibiidae,Nyctibius maculosus,FALSE,FALSE
Mammalia,Carnivora,Felidae,Leopardus wiedii,FALSE,FALSE
Equisetopsida,Polypodiales,Aspleniaceae,Asplenium delicatulum,FALSE,FALSE
Equisetopsida,Gentianales,Rubiaceae,Condaminea corymbosa,FALSE,FALSE
Equisetopsida,Polypodiales,Aspleniaceae,Asplenium formosum,FALSE,FALSE
Equisetopsida,Asterales,Asteraceae,Pentacalia oronocensis,FALSE,FALSE
Equisetopsida,Polypodiales,Polypodiaceae,Serpocaulon fraxinifolium,FALSE,FALSE
Equisetopsida,Asparagales,Orchidaceae,Maxillaria quitensis,FALSE,FALSE
Aves,Piciformes,Capitonidae,Capito auratus,FALSE,FALSE
Equisetopsida,Malvales,Malvaceae,Ceiba samauma,FALSE,FALSE
Equisetopsida,Gentianales,Rubiaceae,Palicourea lineata,FALSE,FALSE
Aves,Passeriformes,Parulidae,Myioborus miniatus,FALSE,FALSE
Aves,Passeriformes,Parulidae,Myioborus melanocephalus,FALSE,FALSE
Equisetopsida,Zingiberales,Zingiberaceae,Renealmia thyrsoidea,FALSE,FALSE
Equisetopsida,Lamiales,Bignoniaceae,Sparattosperma leucanthum,FALSE,FALSE
Aves,Piciformes,Ramphastidae,Aulacorhynchus albivitta,FALSE,FALSE
Equisetopsida,Polypodiales,Polypodiaceae,Serpocaulon crystalloneuron,FALSE,FALSE
Equisetopsida,Gentianales,Rubiaceae,Elaeagia utilis,FALSE,FALSE
Equisetopsida,Polypodiales,Aspleniaceae,Asplenium praemorsum,FALSE,FALSE
Aves,Passeriformes,Grallariidae,Grallaria guatimalensis,FALSE,FALSE
Equisetopsida,Brassicales,Capparaceae,Capparidastrum petiolare,FALSE,FALSE
Equisetopsida,Polypodiales,Aspleniaceae,Asplenium radicans,FALSE,FALSE
Equisetopsida,Polypodiales,Aspleniaceae,Asplenium rutaceum,FALSE,FALSE
Equisetopsida,Asterales,Asteraceae,Eirmocephala megaphylla,FALSE,FALSE
Equisetopsida,Asterales,Asteraceae,Eirmocephala cainarachensis,FALSE,FALSE
Aves,Passeriformes,Tyrannidae,Mitrephanes olivaceus,FALSE,FALSE
Equisetopsida,Piperales,Piperaceae,Piper obliquum,FALSE,FALSE
Equisetopsida,Brassicales,Capparaceae,Capparidastrum quinum,FALSE,FALSE
Aves,Falconiformes,Falconidae,Ibycter americanus,FALSE,FALSE
Equisetopsida,Marattiales,Marattiaceae,Eupodium laeve,FALSE,FALSE
Aves,Passeriformes,Tyrannidae,Pyrocephalus rubinus,FALSE,FALSE
Aves,Piciformes,Picidae,Melanerpes cruentatus,FALSE,FALSE
Equisetopsida,Fabales,Fabaceae,Cedrelinga cateniformis,FALSE,FALSE
Equisetopsida,Myrtales,Myrtaceae,Myrcia fallax,FALSE,TRUE
Aves,Passeriformes,Thamnophilidae,Microrhopias quixensis,FALSE,FALSE
Aves,Strigiformes,Strigidae,Glaucidium jardinii,FALSE,FALSE
Aves,Passeriformes,Grallariidae,Grallaria erythroleuca,TRUE,FALSE
Equisetopsida,Asterales,Asteraceae,Achyrocline saturejoides,FALSE,FALSE
Equisetopsida,Poales,Poaceae,Gynerium sagittatum,FALSE,FALSE
Equisetopsida,Sapindales,Meliaceae,Cedrela montana,FALSE,TRUE
Equisetopsida,Asparagales,Orchidaceae,Comparettia coccinea,FALSE,TRUE
Aves,Passeriformes,Tyrannidae,Pyrrhomyias cinnamomeus,FALSE,FALSE
Mammalia,Carnivora,Mustelidae,Eira barbara,FALSE,FALSE
Mammalia,Chiroptera,Phyllostomidae,Desmodus rotundus,FALSE,FALSE
Aves,Passeriformes,Tyrannidae,Capsiempis flaveola,FALSE,FALSE
Mammalia,Cetartiodactyla,Cervidae,Mazama americana,FALSE,FALSE
Equisetopsida,Sapindales,Meliaceae,Cedrela fissilis,FALSE,TRUE
Equisetopsida,Apiales,Araliaceae,Schefflera morototoni,FALSE,FALSE
Aves,Passeriformes,Thraupidae,Cnemoscopus rubrirostris,FALSE,FALSE
Equisetopsida,Rosales,Urticaceae,Cecropia strigosa,FALSE,FALSE
Aves,Passeriformes,Hirundinidae,Stelgidopteryx ruficollis,FALSE,FALSE
Equisetopsida,Myrtales,Melastomataceae,Bellucia pentamera,FALSE,FALSE
Mammalia,Didelphimorphia,Didelphidae,Monodelphis (Mygalodelphys) osgoodi,FALSE,TRUE
Amphibia,Anura,Craugastoridae,Pristimantis danae,FALSE,FALSE
Equisetopsida,Caryophyllales,Phytolaccaceae,Phytolacca rivinoides,FALSE,FALSE
Equisetopsida,Myrtales,Melastomataceae,Bellucia aequiloba,FALSE,FALSE
Equisetopsida,Piperales,Piperaceae,Piper longestylosum,FALSE,FALSE
Equisetopsida,Arecales,Arecaceae,Desmoncus mitis,FALSE,FALSE
Equisetopsida,Asparagales,Orchidaceae,Maxillaria dunstervillei,FALSE,FALSE
Aves,Falconiformes,Falconidae,Micrastur ruficollis,FALSE,FALSE
Aves,Columbiformes,Columbidae,Patagioenas subvinacea,FALSE,FALSE
Aves,Piciformes,Picidae,Colaptes rubiginosus,FALSE,FALSE
Equisetopsida,Rosales,Urticaceae,Cecropia sciadophylla,FALSE,FALSE
Equisetopsida,Ericales,Ericaceae,Bejaria aestuans,FALSE,FALSE
Equisetopsida,Arecales,Arecaceae,Geonoma leptospadix,FALSE,FALSE
Aves,Passeriformes,Onychorhynchidae,Myiobius villosus,FALSE,FALSE
Mammalia,Rodentia,Echimyidae,Proechimys simonsi,FALSE,FALSE
Aves,Passeriformes,Tyrannidae,Myiozetetes similis,FALSE,FALSE
Equisetopsida,Caryophyllales,Nyctaginaceae,Reichenbachia paraguayensis,FALSE,FALSE
Equisetopsida,Asparagales,Orchidaceae,Lepanthes mucronata,FALSE,FALSE
Aves,Passeriformes,Tityridae,Schiffornis turdina,FALSE,FALSE
Aves,Apodiformes,Trochilidae,Anthracothorax nigricollis,FALSE,FALSE
Aves,Passeriformes,Furnariidae,Lepidocolaptes lacrymiger,FALSE,FALSE
Equisetopsida,Gentianales,Rubiaceae,Joosia umbellifera,FALSE,FALSE
Equisetopsida,Myrtales,Myrtaceae,Myrcia bracteata,FALSE,FALSE
Equisetopsida,Poales,Cyperaceae,Kyllinga pumila,FALSE,FALSE
Equisetopsida,Fabales,Fabaceae,Senna ruiziana,FALSE,FALSE
Equisetopsida,Laurales,Lauraceae,Nectandra reticulata,FALSE,FALSE
Equisetopsida,Asparagales,Orchidaceae,Coccineorchis cernua,FALSE,FALSE
Equisetopsida,Gentianales,Rubiaceae,Palicourea grandiflora,FALSE,FALSE
Equisetopsida,Ericales,Ericaceae,Macleania floribunda,FALSE,FALSE
Equisetopsida,Fabales,Fabaceae,Mucuna pruriens,FALSE,FALSE
Aves,Passeriformes,Cotingidae,Lipaugus uropygialis,FALSE,TRUE
Aves,Apodiformes,Trochilidae,Adelomyia melanogenys,FALSE,FALSE
Equisetopsida,Lamiales,Gesneriaceae,Columnea ericae,FALSE,FALSE
Mammalia,Chiroptera,Phyllostomidae,Lophostoma silvicolum,FALSE,FALSE
Mammalia,Chiroptera,Phyllostomidae,Diaemus youngi,FALSE,FALSE
Aves,Passeriformes,Furnariidae,Lepidocolaptes duidae,FALSE,FALSE
Aves,Pelecaniformes,Ardeidae,Nycticorax nycticorax,FALSE,FALSE
Equisetopsida,Lamiales,Bignoniaceae,Amphilophium crucigerum,FALSE,FALSE
Equisetopsida,Malvales,Malvaceae,Matisia cordata,FALSE,FALSE
Equisetopsida,Cucurbitales,Begoniaceae,Begonia rossmanniae,FALSE,FALSE
Actinopterygii,Characiformes,Characidae,Attonitus irisae,FALSE,FALSE
Equisetopsida,Rosales,Urticaceae,Cecropia engleriana,FALSE,FALSE
Equisetopsida,Rosales,Urticaceae,Cecropia concolor,FALSE,FALSE
Equisetopsida,Lamiales,Gesneriaceae,Columnea anisophylla,FALSE,FALSE
Aves,Passeriformes,Thraupidae,Diglossa cyanea,FALSE,FALSE
Amphibia,Anura,Centrolenidae,Hyalinobatrachium bergeri,FALSE,FALSE
Mammalia,Chiroptera,Vespertilionidae,Myotis keaysi,FALSE,FALSE
Equisetopsida,Rosales,Moraceae,Maclura tinctoria,FALSE,FALSE
Equisetopsida,Cucurbitales,Begoniaceae,Begonia parviflora,FALSE,FALSE
Insecta,Coleoptera,Scarabaeidae,Eurysternus wittmerorum,FALSE,FALSE
Mammalia,Rodentia,Cricetidae,Akodon torques,TRUE,FALSE
Aves,Passeriformes,Tyrannidae,Nephelomyias pulcher,FALSE,FALSE
Equisetopsida,Lamiales,Gesneriaceae,Columellia oblonga subsp. oblonga,FALSE,FALSE
Aves,Passeriformes,Turdidae,Catharus maculatus,FALSE,FALSE
Equisetopsida,Cucurbitales,Begoniaceae,Begonia lophoptera,FALSE,FALSE
Aves,Passeriformes,Furnariidae,Premnoplex brunnescens,FALSE,FALSE
Mammalia,Primates,Cebidae,Cebus (Sapajus) apella,FALSE,FALSE
Equisetopsida,Asparagales,Orchidaceae,Myoxanthus serripetalus,FALSE,FALSE
Equisetopsida,Gentianales,Apocynaceae,Mesechites trifidus,FALSE,FALSE
Equisetopsida,Cucurbitales,Begoniaceae,Begonia glabra,FALSE,FALSE
Aves,Galliformes,Cracidae,Penelope montagnii,FALSE,FALSE
Equisetopsida,Gentianales,Rubiaceae,Faramea oblongifolia,FALSE,FALSE
Aves,Passeriformes,Furnariidae,Premnornis guttuliger,FALSE,FALSE
Equisetopsida,Lamiales,Lamiaceae,Hyptis odorata,FALSE,FALSE
Equisetopsida,Asterales,Asteraceae,Lepidaploa mapirensis,FALSE,FALSE
Mammalia,Primates,Cebidae,Cebus (Cebus) albifrons,FALSE,FALSE
Equisetopsida,Magnoliales,Annonaceae,Cardiopetalum calophyllum,FALSE,FALSE
Mammalia,Carnivora,Procyonidae,Procyon cancrivorus,FALSE,FALSE
Equisetopsida,Asparagales,Orchidaceae,Maxillaria alpestris,FALSE,FALSE
Aves,Passeriformes,Tyrannidae,Myiarchus tuberculifer,FALSE,FALSE
Mammalia,Primates,Atelidae,Alouatta sara,FALSE,FALSE
Equisetopsida,Schizaeales,Schizaeaceae,Schizaea elegans,FALSE,FALSE
Equisetopsida,Lamiales,Gesneriaceae,Diastema maculatum,FALSE,FALSE
Mammalia,Rodentia,Cricetidae,Akodon surdus,TRUE,TRUE
Equisetopsida,Rosales,Moraceae,Ficus casapiensis,FALSE,FALSE
Equisetopsida,Lamiales,Bignoniaceae,Jacaranda copaia,FALSE,FALSE
Mammalia,Primates,Cebidae,Cebuella pygmaea,FALSE,FALSE
Equisetopsida,Piperales,Piperaceae,Piper crassinervium,FALSE,FALSE
Equisetopsida,Gentianales,Rubiaceae,Raritebe palicoureoides,FALSE,FALSE
Equisetopsida,Gentianales,Gentianaceae,Macrocarpaea normae,TRUE,FALSE
Equisetopsida,Malpighiales,Salicaceae,Prockia crucis,FALSE,FALSE
Mammalia,Carnivora,Mustelidae,Neogale frenata,FALSE,FALSE
Mammalia,Rodentia,Cricetidae,Euryoryzomys macconnelli,FALSE,FALSE
Aves,Passeriformes,Thamnophilidae,Dysithamnus mentalis,FALSE,FALSE
Equisetopsida,Gentianales,Apocynaceae,Mandevilla rugellosa,FALSE,FALSE
Equisetopsida,Gentianales,Apocynaceae,Mandevilla hirsuta,FALSE,FALSE
Aves,Galliformes,Cracidae,Aburria aburri,FALSE,TRUE
Equisetopsida,Ericales,Primulaceae,Myrsine coriacea,FALSE,FALSE
Equisetopsida,Rosales,Moraceae,Batocarpus costaricensis,FALSE,FALSE
Mammalia,Primates,Atelidae,Alouatta seniculus,FALSE,TRUE
Equisetopsida,Piperales,Piperaceae,Piper costatum,FALSE,FALSE
Amphibia,Anura,Craugastoridae,Pristimantis carvalhoi,FALSE,FALSE
Mammalia,Didelphimorphia,Didelphidae,Marmosops (Marmosops) noctivagus,FALSE,FALSE
Aves,Passeriformes,Thraupidae,Diglossa caerulescens,FALSE,FALSE
Mammalia,Rodentia,Cricetidae,Euryoryzomys nitidus,FALSE,FALSE
Equisetopsida,Malvales,Malvaceae,Melochia thymifolia,FALSE,FALSE
Mammalia,Carnivora,Procyonidae,Bassaricyon alleni,FALSE,FALSE
Mammalia,Rodentia,Dasyproctidae,Myoprocta pratti,FALSE,FALSE
Equisetopsida,Pandanales,Cyclanthaceae,Carludovica palmata,FALSE,FALSE
Aves,Cuculiformes,Cuculidae,Piaya cayana,FALSE,FALSE
Equisetopsida,Gentianales,Apocynaceae,Peltastes peruvianus,FALSE,FALSE
Equisetopsida,Ericales,Ericaceae,Cavendishia nobilis,FALSE,FALSE
Equisetopsida,Asparagales,Orchidaceae,Dichaea laxa,FALSE,FALSE
Equisetopsida,Lamiales,Bignoniaceae,Jacaranda glabra,FALSE,FALSE
Equisetopsida,Ericales,Ericaceae,Cavendishia bracteata,FALSE,FALSE
Equisetopsida,Gentianales,Apocynaceae,Mandevilla callista,FALSE,FALSE
Equisetopsida,Malpighiales,Violaceae,Gloeospermum longifolium,FALSE,FALSE
Equisetopsida,Asterales,Asteraceae,Quechualia fulta,FALSE,FALSE
Aves,Apodiformes,Trochilidae,Coeligena coeligena,FALSE,FALSE
Equisetopsida,Commelinales,Commelinaceae,Dichorisandra hexandra,FALSE,FALSE
Aves,Passeriformes,Tyrannidae,Knipolegus poecilurus,FALSE,FALSE
Aves,Passeriformes,Parulidae,Basileuterus tristriatus,FALSE,FALSE
Aves,Passeriformes,Tyrannidae,Colonia colonus,FALSE,FALSE
Mammalia,Chiroptera,Phyllostomidae,Carollia perspicillata,FALSE,FALSE
Equisetopsida,Polypodiales,Polypodiaceae,Microgramma percussa,FALSE,FALSE
Equisetopsida,Polypodiales,Polypodiaceae,Microgramma bifrons,FALSE,FALSE
Aves,Passeriformes,Tyrannidae,Phyllomyias cinereiceps,FALSE,FALSE
Equisetopsida,Polypodiales,Lomariopsidaceae,Lomariopsis japurensis,FALSE,FALSE
Insecta,Coleoptera,Scarabaeidae,Dichotomius conicollis,FALSE,FALSE
Insecta,Coleoptera,Scarabaeidae,Dichotomius diabolicus,FALSE,FALSE
Equisetopsida,Asparagales,Orchidaceae,Maxillaria cuzcoensis,TRUE,FALSE
Insecta,Coleoptera,Scarabaeidae,Dichotomius mamillatus,FALSE,FALSE
Mammalia,Chiroptera,Phyllostomidae,Carollia manu,FALSE,FALSE
Equisetopsida,Gentianales,Rubiaceae,Palicourea tomentosa,FALSE,FALSE
Equisetopsida,Arecales,Arecaceae,Oenocarpus bataua,FALSE,FALSE
Amphibia,Anura,Centrolenidae,Rulyrana spiculata,TRUE,FALSE
Aves,Psittaciformes,Psittacidae,Amazona mercenarius,FALSE,FALSE
Aves,Passeriformes,Thraupidae,Buthraupis montana,FALSE,FALSE
Equisetopsida,Asparagales,Orchidaceae,Maxillaria cordyline,FALSE,FALSE
Insecta,Coleoptera,Scarabaeidae,Dichotomius planicollis,FALSE,FALSE
Equisetopsida,Malvales,Malvaceae,Heliocarpus americanus,FALSE,FALSE
Insecta,Coleoptera,Scarabaeidae,Dichotomius prietoi,FALSE,FALSE
Aves,Apodiformes,Trochilidae,Heliodoxa aurescens,FALSE,FALSE
Equisetopsida,Laurales,Lauraceae,Pleurothyrium cuneifolium,FALSE,FALSE
Equisetopsida,Schizaeales,Anemiaceae,Anemia phyllitidis,FALSE,FALSE
Equisetopsida,Gentianales,Rubiaceae,Macrocnemum roseum,FALSE,FALSE
Equisetopsida,Rosales,Moraceae,Helicostylis tovarensis,FALSE,FALSE
Aves,Piciformes,Capitonidae,Eubucco richardsoni,FALSE,FALSE
Aves,Apodiformes,Trochilidae,Heliodoxa leadbeateri,FALSE,FALSE
Equisetopsida,Polypodiales,Pteridaceae,Cuphea carthagenensis,FALSE,FALSE
Equisetopsida,Lamiales,Verbenaceae,Lantana trifolia,FALSE,FALSE
Equisetopsida,Arecales,Arecaceae,Astrocaryum murumuru,FALSE,FALSE
Aves,Passeriformes,Cotingidae,Rupicola peruvianus,FALSE,FALSE
Aves,Apodiformes,Trochilidae,Eutoxeres condamini,FALSE,FALSE
Aves,Apodiformes,Trochilidae,Colibri coruscans,FALSE,FALSE
Mammalia,Chiroptera,Phyllostomidae,Carollia benkeithi,FALSE,FALSE
Equisetopsida,Solanales,Solanaceae,Solanum barbeyanum,FALSE,FALSE
Aves,Piciformes,Capitonidae,Eubucco tucinkae,FALSE,FALSE
Equisetopsida,Rosales,Moraceae,Helicostylis tomentosa,FALSE,FALSE
Aves,Passeriformes,Tyrannidae,Myiophobus inornatus,FALSE,FALSE
Aves,Apodiformes,Trochilidae,Heliodoxa rubinoides,FALSE,FALSE
Aves,Piciformes,Capitonidae,Eubucco versicolor,FALSE,FALSE
Equisetopsida,Malpighiales,Malpighiaceae,Hiraea fagifolia,FALSE,FALSE
Equisetopsida,Asparagales,Orchidaceae,Pleurothallis ruscifolia,FALSE,FALSE
Mammalia,Rodentia,Cuniculidae,Cuniculus taczanowskii,FALSE,FALSE
Aves,Accipitriformes,Accipitridae,Buteogallus solitarius,FALSE,FALSE
Equisetopsida,Malpighiales,Malpighiaceae,Byrsonima arthropoda,FALSE,FALSE
Equisetopsida,Alismatales,Araceae,Anthurium nigrescens,FALSE,FALSE
Equisetopsida,Fabales,Fabaceae,Inga umbellifera,FALSE,FALSE
Equisetopsida,Malpighiales,Malpighiaceae,Byrsonima spicata,FALSE,FALSE
Aves,Passeriformes,Thraupidae,Cyanerpes caeruleus,FALSE,FALSE
Mammalia,Rodentia,Cuniculidae,Cuniculus paca,FALSE,FALSE
Equisetopsida,Gentianales,Rubiaceae,Notopleura congesta,FALSE,FALSE
Aves,Passeriformes,Tyrannidae,Ramphotrigon megacephalum,FALSE,FALSE
Equisetopsida,Gentianales,Rubiaceae,Notopleura epiphytica,FALSE,FALSE
Mammalia,Cingulata,Chlamyphoridae,Cabassous unicinctus,FALSE,FALSE
Equisetopsida,Malpighiales,Malpighiaceae,Diplopterys pubipetala,FALSE,FALSE
Aves,Passeriformes,Tyrannidae,Ornithion inerme,FALSE,FALSE
Equisetopsida,Gentianales,Rubiaceae,Notopleura leucantha,FALSE,FALSE
Equisetopsida,Zingiberales,Heliconiaceae,Heliconia tenebrosa,FALSE,FALSE
Equisetopsida,Sapindales,Meliaceae,Cabralea canjerana,FALSE,FALSE
Mammalia,Primates,Cebidae,Aotus nancymaae,FALSE,FALSE
Equisetopsida,Piperales,Piperaceae,Piper augustum,FALSE,FALSE
Equisetopsida,Zingiberales,Heliconiaceae,Heliconia subulata,FALSE,FALSE
Equisetopsida,Zingiberales,Marantaceae,Goeppertia pachystachya,FALSE,FALSE
Equisetopsida,Fabales,Fabaceae,Inga spectabilis,FALSE,FALSE
Equisetopsida,Lamiales,Gesneriaceae,Glossoloma ichthyoderma,FALSE,FALSE
Equisetopsida,Zingiberales,Heliconiaceae,Heliconia stricta,FALSE,FALSE
Aves,Passeriformes,Corvidae,Cyanocorax violaceus,FALSE,FALSE
Aves,Passeriformes,Tyrannidae,Myiornis ecaudatus,FALSE,FALSE
Equisetopsida,Poales,Poaceae,Andropogon bicornis,FALSE,FALSE
Equisetopsida,Asterales,Asteraceae,Ageratum conyzoides,FALSE,FALSE
Actinopterygii,Characiformes,Characidae,Astyanax bimaculatus,FALSE,FALSE
Mammalia,Carnivora,Procyonidae,Nasuella olivacea,FALSE,TRUE
Aves,Accipitriformes,Accipitridae,Rupornis magnirostris,FALSE,FALSE
Aves,Passeriformes,Corvidae,Cyanocorax yncas,FALSE,FALSE
Equisetopsida,Fabales,Fabaceae,Inga setosa,FALSE,FALSE
Aves,Passeriformes,Icteridae,Cacicus cela,FALSE,FALSE
Aves,Passeriformes,Tyrannidae,Ramphotrigon fuscicauda,FALSE,FALSE
Aves,Accipitriformes,Accipitridae,Buteo albonotatus,FALSE,FALSE
Aves,Passeriformes,Formicariidae,Formicarius rufipectus,FALSE,FALSE
Amphibia,Anura,Craugastoridae,Pristimantis salaputium,TRUE,FALSE
Equisetopsida,Arecales,Arecaceae,Aiphanes weberbaueri,FALSE,FALSE
Equisetopsida,Lamiales,Acanthaceae,Ruellia angustiflora,FALSE,FALSE
Mammalia,Carnivora,Procyonidae,Nasua nasua,FALSE,FALSE
Aves,Passeriformes,Tyrannidae,Ochthoeca frontalis,FALSE,FALSE
Aves,Caprimulgiformes,Caprimulgidae,Lurocalis rufiventris,FALSE,FALSE
Equisetopsida,Zingiberales,Heliconiaceae,Heliconia robusta,FALSE,FALSE
Aves,Psittaciformes,Psittacidae,Amazona ochrocephala,FALSE,FALSE
Equisetopsida,Poales,Bromeliaceae,Aechmea longifolia,FALSE,FALSE
Aves,Passeriformes,Icteridae,Cacicus koepckeae,TRUE,FALSE
Aves,Psittaciformes,Psittacidae,Amazona farinosa,FALSE,FALSE
Equisetopsida,Gentianales,Apocynaceae,Forsteronia pubescens,FALSE,FALSE
Aves,Passeriformes,Icteridae,Cacicus solitarius,FALSE,FALSE
Aves,Piciformes,Picidae,Picumnus subtilis,FALSE,FALSE
Equisetopsida,Polypodiales,Dennstaedtiaceae,Histiopteris incisa,FALSE,FALSE
Aves,Passeriformes,Tyrannidae,Phylloscartes ophthalmicus,FALSE,FALSE
Equisetopsida,Gentianales,Rubiaceae,Notopleura macrophylla,FALSE,FALSE
Aves,Passeriformes,Hirundinidae,Atticora fasciata,FALSE,FALSE
Equisetopsida,Polypodiales,Pteridaceae,Anetium citrifolium,FALSE,FALSE
Equisetopsida,Asparagales,Orchidaceae,Sobralia virginalis,FALSE,TRUE
Aves,Passeriformes,Corvidae,Cyanolyca viridicyanus,FALSE,FALSE
Equisetopsida,Lamiales,Verbenaceae,Lantana chamissonis,FALSE,FALSE
Equisetopsida,Fabales,Fabaceae,Inga sapindoides,FALSE,FALSE
Equisetopsida,Gentianales,Rubiaceae,Notopleura montana,FALSE,FALSE
Equisetopsida,Malvales,Malvaceae,Malvaviscus elegans,FALSE,FALSE
Aves,Passeriformes,Thamnophilidae,Frederickena unduliger,FALSE,FALSE
Equisetopsida,Lamiales,Verbenaceae,Lantana camara,FALSE,FALSE
Equisetopsida,Rosales,Moraceae,Perebea guianensis,FALSE,FALSE
Equisetopsida,Alismatales,Araceae,Anthurium breviscapum,FALSE,FALSE
Equisetopsida,Cyatheales,Cyatheaceae,Cyathea bipinnatifida,FALSE,FALSE
Equisetopsida,Fabales,Fabaceae,Inga punctata,FALSE,FALSE
Aves,Passeriformes,Tityridae,Pachyramphus castaneus,FALSE,FALSE
Equisetopsida,Zingiberales,Heliconiaceae,Heliconia aemygdiana,FALSE,FALSE
Equisetopsida,Malpighiales,Salicaceae,Pleuranthodendron lindenii,FALSE,FALSE
Equisetopsida,Gentianales,Rubiaceae,Rudgea poeppigii,FALSE,FALSE
Equisetopsida,Rosales,Moraceae,Perebea angustifolia,FALSE,FALSE
Equisetopsida,Gentianales,Rubiaceae,Notopleura tolimensis,FALSE,FALSE
Aves,Passeriformes,Tyrannidae,Phylloscartes parkeri,FALSE,FALSE
Equisetopsida,Cyatheales,Cyatheaceae,Cyathea conjugata,FALSE,FALSE
Mammalia,Carnivora,Mustelidae,Lontra longicaudis,FALSE,FALSE
Equisetopsida,Gentianales,Rubiaceae,Notopleura triaxillaris,FALSE,FALSE
Equisetopsida,Solanales,Solanaceae,Solanum pedemontanum,FALSE,FALSE
Aves,Galliformes,Cracidae,Ortalis guttata,FALSE,FALSE
Equisetopsida,Piperales,Piperaceae,Piper arboreum,FALSE,FALSE
Aves,Strigiformes,Strigidae,Megascops ingens,FALSE,FALSE
Equisetopsida,Gentianales,Rubiaceae,Palicourea subtomentosa,FALSE,FALSE
Equisetopsida,Cyatheales,Cyatheaceae,Cyathea uleana,FALSE,FALSE
Aves,Passeriformes,Fringillidae,Spinus olivaceus,FALSE,FALSE
Equisetopsida,Fabales,Fabaceae,Inga nobilis,FALSE,FALSE
Equisetopsida,Fabales,Fabaceae,Erythrina poeppigiana,FALSE,FALSE
Equisetopsida,Magnoliales,Annonaceae,Guatteria tomentosa,FALSE,FALSE
Equisetopsida,Polypodiales,Pteridaceae,Adiantopsis chlorophylla,FALSE,FALSE
Equisetopsida,Myrtales,Myrtaceae,Eugenia feijoi,FALSE,FALSE
Equisetopsida,Proteales,Proteaceae,Oreocallis grandiflora,FALSE,FALSE
Equisetopsida,Chloranthales,Chloranthaceae,Hedyosmum translucidum,FALSE,FALSE
Equisetopsida,Malvales,Malvaceae,Malvaviscus arboreus,FALSE,FALSE
Aves,Tinamiformes,Tinamidae,Crypturellus soui,FALSE,FALSE
Aves,Tinamiformes,Tinamidae,Crypturellus obsoletus,FALSE,FALSE
Mammalia,Cingulata,Chlamyphoridae,Priodontes maximus,FALSE,TRUE
Mammalia,Primates,Atelidae,Ateles chamek,FALSE,TRUE
Equisetopsida,Arecales,Arecaceae,Geonoma undata,FALSE,FALSE
Aves,Passeriformes,Furnariidae,Furnarius leucopus,FALSE,FALSE
Equisetopsida,Chloranthales,Chloranthaceae,Hedyosmum scabrum,FALSE,FALSE
Aves,Passeriformes,Furnariidae,Sclerurus obscurior,FALSE,FALSE
Equisetopsida,Arecales,Arecaceae,Geonoma triglochin,FALSE,FALSE
Actinopterygii,Characiformes,Characidae,Hemibrycon jelskii,FALSE,FALSE
Equisetopsida,Piperales,Piperaceae,Peperomia serpens,FALSE,FALSE
Aves,Eurypygiformes,Eurypygidae,Eurypyga helias,FALSE,FALSE
Equisetopsida,Malvales,Malvaceae,Nototriche pearcei,FALSE,FALSE
